
Cell gf180mcu_fd_sc_mcu7t5v0__antenna (0) disconnected node: I
Cell gf180mcu_fd_sc_mcu7t5v0__antenna (0) disconnected node: VDD
Cell gf180mcu_fd_sc_mcu7t5v0__antenna (0) disconnected node: VNW
Cell gf180mcu_fd_sc_mcu7t5v0__antenna (0) disconnected node: VPW
Cell gf180mcu_fd_sc_mcu7t5v0__antenna (0) disconnected node: VSS
Warning: Equate pins:  cell gf180mcu_fd_sc_mcu7t5v0__antenna is a placeholder, treated as a black box.

Subcircuit pins:
Circuit 1: gf180mcu_fd_sc_mcu7t5v0__antenn |Circuit 2: gf180mcu_fd_sc_mcu7t5v0__antenn 
-------------------------------------------|-------------------------------------------
I                                          |I                                          
VDD                                        |VDD                                        
VNW                                        |VNW                                        
VPW                                        |VPW                                        
VSS                                        |VSS                                        
---------------------------------------------------------------------------------------
Cell pin lists are equivalent.
Device classes gf180mcu_fd_sc_mcu7t5v0__antenna and gf180mcu_fd_sc_mcu7t5v0__antenna are equivalent.

Cell gf180mcu_fd_sc_mcu7t5v0__and2_1 (0) disconnected node: A1
Cell gf180mcu_fd_sc_mcu7t5v0__and2_1 (0) disconnected node: A2
Cell gf180mcu_fd_sc_mcu7t5v0__and2_1 (0) disconnected node: Z
Cell gf180mcu_fd_sc_mcu7t5v0__and2_1 (0) disconnected node: VDD
Cell gf180mcu_fd_sc_mcu7t5v0__and2_1 (0) disconnected node: VNW
Cell gf180mcu_fd_sc_mcu7t5v0__and2_1 (0) disconnected node: VPW
Cell gf180mcu_fd_sc_mcu7t5v0__and2_1 (0) disconnected node: VSS
Warning: Equate pins:  cell gf180mcu_fd_sc_mcu7t5v0__and2_1 is a placeholder, treated as a black box.

Subcircuit pins:
Circuit 1: gf180mcu_fd_sc_mcu7t5v0__and2_1 |Circuit 2: gf180mcu_fd_sc_mcu7t5v0__and2_1 
-------------------------------------------|-------------------------------------------
A1                                         |A1                                         
A2                                         |A2                                         
Z                                          |Z                                          
VDD                                        |VDD                                        
VNW                                        |VNW                                        
VPW                                        |VPW                                        
VSS                                        |VSS                                        
---------------------------------------------------------------------------------------
Cell pin lists are equivalent.
Device classes gf180mcu_fd_sc_mcu7t5v0__and2_1 and gf180mcu_fd_sc_mcu7t5v0__and2_1 are equivalent.

Cell gf180mcu_fd_sc_mcu7t5v0__tieh (0) disconnected node: Z
Cell gf180mcu_fd_sc_mcu7t5v0__tieh (0) disconnected node: VDD
Cell gf180mcu_fd_sc_mcu7t5v0__tieh (0) disconnected node: VNW
Cell gf180mcu_fd_sc_mcu7t5v0__tieh (0) disconnected node: VPW
Cell gf180mcu_fd_sc_mcu7t5v0__tieh (0) disconnected node: VSS
Warning: Equate pins:  cell gf180mcu_fd_sc_mcu7t5v0__tieh is a placeholder, treated as a black box.

Subcircuit pins:
Circuit 1: gf180mcu_fd_sc_mcu7t5v0__tieh   |Circuit 2: gf180mcu_fd_sc_mcu7t5v0__tieh   
-------------------------------------------|-------------------------------------------
Z                                          |Z                                          
VDD                                        |VDD                                        
VNW                                        |VNW                                        
VPW                                        |VPW                                        
VSS                                        |VSS                                        
---------------------------------------------------------------------------------------
Cell pin lists are equivalent.
Device classes gf180mcu_fd_sc_mcu7t5v0__tieh and gf180mcu_fd_sc_mcu7t5v0__tieh are equivalent.

Cell gf180mcu_fd_sc_mcu7t5v0__oai21_1 (0) disconnected node: A1
Cell gf180mcu_fd_sc_mcu7t5v0__oai21_1 (0) disconnected node: A2
Cell gf180mcu_fd_sc_mcu7t5v0__oai21_1 (0) disconnected node: B
Cell gf180mcu_fd_sc_mcu7t5v0__oai21_1 (0) disconnected node: ZN
Cell gf180mcu_fd_sc_mcu7t5v0__oai21_1 (0) disconnected node: VDD
Cell gf180mcu_fd_sc_mcu7t5v0__oai21_1 (0) disconnected node: VNW
Cell gf180mcu_fd_sc_mcu7t5v0__oai21_1 (0) disconnected node: VPW
Cell gf180mcu_fd_sc_mcu7t5v0__oai21_1 (0) disconnected node: VSS
Warning: Equate pins:  cell gf180mcu_fd_sc_mcu7t5v0__oai21_1 is a placeholder, treated as a black box.

Subcircuit pins:
Circuit 1: gf180mcu_fd_sc_mcu7t5v0__oai21_ |Circuit 2: gf180mcu_fd_sc_mcu7t5v0__oai21_ 
-------------------------------------------|-------------------------------------------
A1                                         |A1                                         
A2                                         |A2                                         
B                                          |B                                          
ZN                                         |ZN                                         
VDD                                        |VDD                                        
VNW                                        |VNW                                        
VPW                                        |VPW                                        
VSS                                        |VSS                                        
---------------------------------------------------------------------------------------
Cell pin lists are equivalent.
Device classes gf180mcu_fd_sc_mcu7t5v0__oai21_1 and gf180mcu_fd_sc_mcu7t5v0__oai21_1 are equivalent.

Cell gf180mcu_fd_sc_mcu7t5v0__fillcap_32 (0) disconnected node: VDD
Cell gf180mcu_fd_sc_mcu7t5v0__fillcap_32 (0) disconnected node: VNW
Cell gf180mcu_fd_sc_mcu7t5v0__fillcap_32 (0) disconnected node: VPW
Cell gf180mcu_fd_sc_mcu7t5v0__fillcap_32 (0) disconnected node: VSS
Warning: Equate pins:  cell gf180mcu_fd_sc_mcu7t5v0__fillcap_32 is a placeholder, treated as a black box.

Subcircuit pins:
Circuit 1: gf180mcu_fd_sc_mcu7t5v0__fillca |Circuit 2: gf180mcu_fd_sc_mcu7t5v0__fillca 
-------------------------------------------|-------------------------------------------
VDD                                        |VDD                                        
VNW                                        |VNW                                        
VPW                                        |VPW                                        
VSS                                        |VSS                                        
---------------------------------------------------------------------------------------
Cell pin lists are equivalent.
Device classes gf180mcu_fd_sc_mcu7t5v0__fillcap_32 and gf180mcu_fd_sc_mcu7t5v0__fillcap_32 are equivalent.

Cell gf180mcu_fd_sc_mcu7t5v0__or2_1 (0) disconnected node: A1
Cell gf180mcu_fd_sc_mcu7t5v0__or2_1 (0) disconnected node: A2
Cell gf180mcu_fd_sc_mcu7t5v0__or2_1 (0) disconnected node: Z
Cell gf180mcu_fd_sc_mcu7t5v0__or2_1 (0) disconnected node: VDD
Cell gf180mcu_fd_sc_mcu7t5v0__or2_1 (0) disconnected node: VNW
Cell gf180mcu_fd_sc_mcu7t5v0__or2_1 (0) disconnected node: VPW
Cell gf180mcu_fd_sc_mcu7t5v0__or2_1 (0) disconnected node: VSS
Warning: Equate pins:  cell gf180mcu_fd_sc_mcu7t5v0__or2_1 is a placeholder, treated as a black box.

Subcircuit pins:
Circuit 1: gf180mcu_fd_sc_mcu7t5v0__or2_1  |Circuit 2: gf180mcu_fd_sc_mcu7t5v0__or2_1  
-------------------------------------------|-------------------------------------------
A1                                         |A1                                         
A2                                         |A2                                         
Z                                          |Z                                          
VDD                                        |VDD                                        
VNW                                        |VNW                                        
VPW                                        |VPW                                        
VSS                                        |VSS                                        
---------------------------------------------------------------------------------------
Cell pin lists are equivalent.
Device classes gf180mcu_fd_sc_mcu7t5v0__or2_1 and gf180mcu_fd_sc_mcu7t5v0__or2_1 are equivalent.

Cell gf180mcu_fd_sc_mcu7t5v0__tiel (0) disconnected node: ZN
Cell gf180mcu_fd_sc_mcu7t5v0__tiel (0) disconnected node: VDD
Cell gf180mcu_fd_sc_mcu7t5v0__tiel (0) disconnected node: VNW
Cell gf180mcu_fd_sc_mcu7t5v0__tiel (0) disconnected node: VPW
Cell gf180mcu_fd_sc_mcu7t5v0__tiel (0) disconnected node: VSS
Warning: Equate pins:  cell gf180mcu_fd_sc_mcu7t5v0__tiel is a placeholder, treated as a black box.

Subcircuit pins:
Circuit 1: gf180mcu_fd_sc_mcu7t5v0__tiel   |Circuit 2: gf180mcu_fd_sc_mcu7t5v0__tiel   
-------------------------------------------|-------------------------------------------
ZN                                         |ZN                                         
VDD                                        |VDD                                        
VNW                                        |VNW                                        
VPW                                        |VPW                                        
VSS                                        |VSS                                        
---------------------------------------------------------------------------------------
Cell pin lists are equivalent.
Device classes gf180mcu_fd_sc_mcu7t5v0__tiel and gf180mcu_fd_sc_mcu7t5v0__tiel are equivalent.

Cell gf180mcu_fd_sc_mcu7t5v0__fillcap_4 (0) disconnected node: VDD
Cell gf180mcu_fd_sc_mcu7t5v0__fillcap_4 (0) disconnected node: VNW
Cell gf180mcu_fd_sc_mcu7t5v0__fillcap_4 (0) disconnected node: VPW
Cell gf180mcu_fd_sc_mcu7t5v0__fillcap_4 (0) disconnected node: VSS
Warning: Equate pins:  cell gf180mcu_fd_sc_mcu7t5v0__fillcap_4 is a placeholder, treated as a black box.

Subcircuit pins:
Circuit 1: gf180mcu_fd_sc_mcu7t5v0__fillca |Circuit 2: gf180mcu_fd_sc_mcu7t5v0__fillca 
-------------------------------------------|-------------------------------------------
VDD                                        |VDD                                        
VNW                                        |VNW                                        
VPW                                        |VPW                                        
VSS                                        |VSS                                        
---------------------------------------------------------------------------------------
Cell pin lists are equivalent.
Device classes gf180mcu_fd_sc_mcu7t5v0__fillcap_4 and gf180mcu_fd_sc_mcu7t5v0__fillcap_4 are equivalent.

Cell gf180mcu_fd_sc_mcu7t5v0__fillcap_16 (0) disconnected node: VDD
Cell gf180mcu_fd_sc_mcu7t5v0__fillcap_16 (0) disconnected node: VNW
Cell gf180mcu_fd_sc_mcu7t5v0__fillcap_16 (0) disconnected node: VPW
Cell gf180mcu_fd_sc_mcu7t5v0__fillcap_16 (0) disconnected node: VSS
Warning: Equate pins:  cell gf180mcu_fd_sc_mcu7t5v0__fillcap_16 is a placeholder, treated as a black box.

Subcircuit pins:
Circuit 1: gf180mcu_fd_sc_mcu7t5v0__fillca |Circuit 2: gf180mcu_fd_sc_mcu7t5v0__fillca 
-------------------------------------------|-------------------------------------------
VDD                                        |VDD                                        
VNW                                        |VNW                                        
VPW                                        |VPW                                        
VSS                                        |VSS                                        
---------------------------------------------------------------------------------------
Cell pin lists are equivalent.
Device classes gf180mcu_fd_sc_mcu7t5v0__fillcap_16 and gf180mcu_fd_sc_mcu7t5v0__fillcap_16 are equivalent.

Cell gf180mcu_fd_sc_mcu7t5v0__xor2_1 (0) disconnected node: A1
Cell gf180mcu_fd_sc_mcu7t5v0__xor2_1 (0) disconnected node: A2
Cell gf180mcu_fd_sc_mcu7t5v0__xor2_1 (0) disconnected node: Z
Cell gf180mcu_fd_sc_mcu7t5v0__xor2_1 (0) disconnected node: VDD
Cell gf180mcu_fd_sc_mcu7t5v0__xor2_1 (0) disconnected node: VNW
Cell gf180mcu_fd_sc_mcu7t5v0__xor2_1 (0) disconnected node: VPW
Cell gf180mcu_fd_sc_mcu7t5v0__xor2_1 (0) disconnected node: VSS
Warning: Equate pins:  cell gf180mcu_fd_sc_mcu7t5v0__xor2_1 is a placeholder, treated as a black box.

Subcircuit pins:
Circuit 1: gf180mcu_fd_sc_mcu7t5v0__xor2_1 |Circuit 2: gf180mcu_fd_sc_mcu7t5v0__xor2_1 
-------------------------------------------|-------------------------------------------
A1                                         |A1                                         
A2                                         |A2                                         
Z                                          |Z                                          
VDD                                        |VDD                                        
VNW                                        |VNW                                        
VPW                                        |VPW                                        
VSS                                        |VSS                                        
---------------------------------------------------------------------------------------
Cell pin lists are equivalent.
Device classes gf180mcu_fd_sc_mcu7t5v0__xor2_1 and gf180mcu_fd_sc_mcu7t5v0__xor2_1 are equivalent.

Cell gf180mcu_fd_sc_mcu7t5v0__clkinv_1 (0) disconnected node: I
Cell gf180mcu_fd_sc_mcu7t5v0__clkinv_1 (0) disconnected node: ZN
Cell gf180mcu_fd_sc_mcu7t5v0__clkinv_1 (0) disconnected node: VDD
Cell gf180mcu_fd_sc_mcu7t5v0__clkinv_1 (0) disconnected node: VNW
Cell gf180mcu_fd_sc_mcu7t5v0__clkinv_1 (0) disconnected node: VPW
Cell gf180mcu_fd_sc_mcu7t5v0__clkinv_1 (0) disconnected node: VSS
Warning: Equate pins:  cell gf180mcu_fd_sc_mcu7t5v0__clkinv_1 is a placeholder, treated as a black box.

Subcircuit pins:
Circuit 1: gf180mcu_fd_sc_mcu7t5v0__clkinv |Circuit 2: gf180mcu_fd_sc_mcu7t5v0__clkinv 
-------------------------------------------|-------------------------------------------
I                                          |I                                          
ZN                                         |ZN                                         
VDD                                        |VDD                                        
VNW                                        |VNW                                        
VPW                                        |VPW                                        
VSS                                        |VSS                                        
---------------------------------------------------------------------------------------
Cell pin lists are equivalent.
Device classes gf180mcu_fd_sc_mcu7t5v0__clkinv_1 and gf180mcu_fd_sc_mcu7t5v0__clkinv_1 are equivalent.

Cell gf180mcu_fd_sc_mcu7t5v0__dffrnq_1 (0) disconnected node: D
Cell gf180mcu_fd_sc_mcu7t5v0__dffrnq_1 (0) disconnected node: RN
Cell gf180mcu_fd_sc_mcu7t5v0__dffrnq_1 (0) disconnected node: CLK
Cell gf180mcu_fd_sc_mcu7t5v0__dffrnq_1 (0) disconnected node: Q
Cell gf180mcu_fd_sc_mcu7t5v0__dffrnq_1 (0) disconnected node: VDD
Cell gf180mcu_fd_sc_mcu7t5v0__dffrnq_1 (0) disconnected node: VNW
Cell gf180mcu_fd_sc_mcu7t5v0__dffrnq_1 (0) disconnected node: VPW
Cell gf180mcu_fd_sc_mcu7t5v0__dffrnq_1 (0) disconnected node: VSS
Warning: Equate pins:  cell gf180mcu_fd_sc_mcu7t5v0__dffrnq_1 is a placeholder, treated as a black box.

Subcircuit pins:
Circuit 1: gf180mcu_fd_sc_mcu7t5v0__dffrnq |Circuit 2: gf180mcu_fd_sc_mcu7t5v0__dffrnq 
-------------------------------------------|-------------------------------------------
D                                          |D                                          
RN                                         |RN                                         
CLK                                        |CLK                                        
Q                                          |Q                                          
VDD                                        |VDD                                        
VNW                                        |VNW                                        
VPW                                        |VPW                                        
VSS                                        |VSS                                        
---------------------------------------------------------------------------------------
Cell pin lists are equivalent.
Device classes gf180mcu_fd_sc_mcu7t5v0__dffrnq_1 and gf180mcu_fd_sc_mcu7t5v0__dffrnq_1 are equivalent.

Cell gf180mcu_fd_sc_mcu7t5v0__xor3_1 (0) disconnected node: A1
Cell gf180mcu_fd_sc_mcu7t5v0__xor3_1 (0) disconnected node: A2
Cell gf180mcu_fd_sc_mcu7t5v0__xor3_1 (0) disconnected node: A3
Cell gf180mcu_fd_sc_mcu7t5v0__xor3_1 (0) disconnected node: Z
Cell gf180mcu_fd_sc_mcu7t5v0__xor3_1 (0) disconnected node: VDD
Cell gf180mcu_fd_sc_mcu7t5v0__xor3_1 (0) disconnected node: VNW
Cell gf180mcu_fd_sc_mcu7t5v0__xor3_1 (0) disconnected node: VPW
Cell gf180mcu_fd_sc_mcu7t5v0__xor3_1 (0) disconnected node: VSS
Warning: Equate pins:  cell gf180mcu_fd_sc_mcu7t5v0__xor3_1 is a placeholder, treated as a black box.

Subcircuit pins:
Circuit 1: gf180mcu_fd_sc_mcu7t5v0__xor3_1 |Circuit 2: gf180mcu_fd_sc_mcu7t5v0__xor3_1 
-------------------------------------------|-------------------------------------------
A1                                         |A1                                         
A2                                         |A2                                         
A3                                         |A3                                         
Z                                          |Z                                          
VDD                                        |VDD                                        
VNW                                        |VNW                                        
VPW                                        |VPW                                        
VSS                                        |VSS                                        
---------------------------------------------------------------------------------------
Cell pin lists are equivalent.
Device classes gf180mcu_fd_sc_mcu7t5v0__xor3_1 and gf180mcu_fd_sc_mcu7t5v0__xor3_1 are equivalent.

Cell gf180mcu_fd_sc_mcu7t5v0__dffrsnq_1 (0) disconnected node: D
Cell gf180mcu_fd_sc_mcu7t5v0__dffrsnq_1 (0) disconnected node: RN
Cell gf180mcu_fd_sc_mcu7t5v0__dffrsnq_1 (0) disconnected node: SETN
Cell gf180mcu_fd_sc_mcu7t5v0__dffrsnq_1 (0) disconnected node: CLK
Cell gf180mcu_fd_sc_mcu7t5v0__dffrsnq_1 (0) disconnected node: Q
Cell gf180mcu_fd_sc_mcu7t5v0__dffrsnq_1 (0) disconnected node: VDD
Cell gf180mcu_fd_sc_mcu7t5v0__dffrsnq_1 (0) disconnected node: VNW
Cell gf180mcu_fd_sc_mcu7t5v0__dffrsnq_1 (0) disconnected node: VPW
Cell gf180mcu_fd_sc_mcu7t5v0__dffrsnq_1 (0) disconnected node: VSS
Warning: Equate pins:  cell gf180mcu_fd_sc_mcu7t5v0__dffrsnq_1 is a placeholder, treated as a black box.

Subcircuit pins:
Circuit 1: gf180mcu_fd_sc_mcu7t5v0__dffrsn |Circuit 2: gf180mcu_fd_sc_mcu7t5v0__dffrsn 
-------------------------------------------|-------------------------------------------
D                                          |D                                          
RN                                         |RN                                         
SETN                                       |SETN                                       
CLK                                        |CLK                                        
Q                                          |Q                                          
VDD                                        |VDD                                        
VNW                                        |VNW                                        
VPW                                        |VPW                                        
VSS                                        |VSS                                        
---------------------------------------------------------------------------------------
Cell pin lists are equivalent.
Device classes gf180mcu_fd_sc_mcu7t5v0__dffrsnq_1 and gf180mcu_fd_sc_mcu7t5v0__dffrsnq_1 are equivalent.

Cell gf180mcu_fd_sc_mcu7t5v0__oai221_1 (0) disconnected node: A1
Cell gf180mcu_fd_sc_mcu7t5v0__oai221_1 (0) disconnected node: A2
Cell gf180mcu_fd_sc_mcu7t5v0__oai221_1 (0) disconnected node: B1
Cell gf180mcu_fd_sc_mcu7t5v0__oai221_1 (0) disconnected node: B2
Cell gf180mcu_fd_sc_mcu7t5v0__oai221_1 (0) disconnected node: C
Cell gf180mcu_fd_sc_mcu7t5v0__oai221_1 (0) disconnected node: ZN
Cell gf180mcu_fd_sc_mcu7t5v0__oai221_1 (0) disconnected node: VDD
Cell gf180mcu_fd_sc_mcu7t5v0__oai221_1 (0) disconnected node: VNW
Cell gf180mcu_fd_sc_mcu7t5v0__oai221_1 (0) disconnected node: VPW
Cell gf180mcu_fd_sc_mcu7t5v0__oai221_1 (0) disconnected node: VSS
Warning: Equate pins:  cell gf180mcu_fd_sc_mcu7t5v0__oai221_1 is a placeholder, treated as a black box.

Subcircuit pins:
Circuit 1: gf180mcu_fd_sc_mcu7t5v0__oai221 |Circuit 2: gf180mcu_fd_sc_mcu7t5v0__oai221 
-------------------------------------------|-------------------------------------------
A1                                         |A1                                         
A2                                         |A2                                         
B1                                         |B1                                         
B2                                         |B2                                         
C                                          |C                                          
ZN                                         |ZN                                         
VDD                                        |VDD                                        
VNW                                        |VNW                                        
VPW                                        |VPW                                        
VSS                                        |VSS                                        
---------------------------------------------------------------------------------------
Cell pin lists are equivalent.
Device classes gf180mcu_fd_sc_mcu7t5v0__oai221_1 and gf180mcu_fd_sc_mcu7t5v0__oai221_1 are equivalent.

Cell gf180mcu_fd_sc_mcu7t5v0__fillcap_8 (0) disconnected node: VDD
Cell gf180mcu_fd_sc_mcu7t5v0__fillcap_8 (0) disconnected node: VNW
Cell gf180mcu_fd_sc_mcu7t5v0__fillcap_8 (0) disconnected node: VPW
Cell gf180mcu_fd_sc_mcu7t5v0__fillcap_8 (0) disconnected node: VSS
Warning: Equate pins:  cell gf180mcu_fd_sc_mcu7t5v0__fillcap_8 is a placeholder, treated as a black box.

Subcircuit pins:
Circuit 1: gf180mcu_fd_sc_mcu7t5v0__fillca |Circuit 2: gf180mcu_fd_sc_mcu7t5v0__fillca 
-------------------------------------------|-------------------------------------------
VDD                                        |VDD                                        
VNW                                        |VNW                                        
VPW                                        |VPW                                        
VSS                                        |VSS                                        
---------------------------------------------------------------------------------------
Cell pin lists are equivalent.
Device classes gf180mcu_fd_sc_mcu7t5v0__fillcap_8 and gf180mcu_fd_sc_mcu7t5v0__fillcap_8 are equivalent.

Cell gf180mcu_fd_sc_mcu7t5v0__nor4_2 (0) disconnected node: A1
Cell gf180mcu_fd_sc_mcu7t5v0__nor4_2 (0) disconnected node: A2
Cell gf180mcu_fd_sc_mcu7t5v0__nor4_2 (0) disconnected node: A3
Cell gf180mcu_fd_sc_mcu7t5v0__nor4_2 (0) disconnected node: A4
Cell gf180mcu_fd_sc_mcu7t5v0__nor4_2 (0) disconnected node: ZN
Cell gf180mcu_fd_sc_mcu7t5v0__nor4_2 (0) disconnected node: VDD
Cell gf180mcu_fd_sc_mcu7t5v0__nor4_2 (0) disconnected node: VNW
Cell gf180mcu_fd_sc_mcu7t5v0__nor4_2 (0) disconnected node: VPW
Cell gf180mcu_fd_sc_mcu7t5v0__nor4_2 (0) disconnected node: VSS
Warning: Equate pins:  cell gf180mcu_fd_sc_mcu7t5v0__nor4_2 is a placeholder, treated as a black box.

Subcircuit pins:
Circuit 1: gf180mcu_fd_sc_mcu7t5v0__nor4_2 |Circuit 2: gf180mcu_fd_sc_mcu7t5v0__nor4_2 
-------------------------------------------|-------------------------------------------
A1                                         |A1                                         
A2                                         |A2                                         
A3                                         |A3                                         
A4                                         |A4                                         
ZN                                         |ZN                                         
VDD                                        |VDD                                        
VNW                                        |VNW                                        
VPW                                        |VPW                                        
VSS                                        |VSS                                        
---------------------------------------------------------------------------------------
Cell pin lists are equivalent.
Device classes gf180mcu_fd_sc_mcu7t5v0__nor4_2 and gf180mcu_fd_sc_mcu7t5v0__nor4_2 are equivalent.

Cell gf180mcu_fd_sc_mcu7t5v0__nor2_2 (0) disconnected node: A1
Cell gf180mcu_fd_sc_mcu7t5v0__nor2_2 (0) disconnected node: A2
Cell gf180mcu_fd_sc_mcu7t5v0__nor2_2 (0) disconnected node: ZN
Cell gf180mcu_fd_sc_mcu7t5v0__nor2_2 (0) disconnected node: VDD
Cell gf180mcu_fd_sc_mcu7t5v0__nor2_2 (0) disconnected node: VNW
Cell gf180mcu_fd_sc_mcu7t5v0__nor2_2 (0) disconnected node: VPW
Cell gf180mcu_fd_sc_mcu7t5v0__nor2_2 (0) disconnected node: VSS
Warning: Equate pins:  cell gf180mcu_fd_sc_mcu7t5v0__nor2_2 is a placeholder, treated as a black box.

Subcircuit pins:
Circuit 1: gf180mcu_fd_sc_mcu7t5v0__nor2_2 |Circuit 2: gf180mcu_fd_sc_mcu7t5v0__nor2_2 
-------------------------------------------|-------------------------------------------
A1                                         |A1                                         
A2                                         |A2                                         
ZN                                         |ZN                                         
VDD                                        |VDD                                        
VNW                                        |VNW                                        
VPW                                        |VPW                                        
VSS                                        |VSS                                        
---------------------------------------------------------------------------------------
Cell pin lists are equivalent.
Device classes gf180mcu_fd_sc_mcu7t5v0__nor2_2 and gf180mcu_fd_sc_mcu7t5v0__nor2_2 are equivalent.

Cell gf180mcu_fd_sc_mcu7t5v0__and4_1 (0) disconnected node: A1
Cell gf180mcu_fd_sc_mcu7t5v0__and4_1 (0) disconnected node: A2
Cell gf180mcu_fd_sc_mcu7t5v0__and4_1 (0) disconnected node: A3
Cell gf180mcu_fd_sc_mcu7t5v0__and4_1 (0) disconnected node: A4
Cell gf180mcu_fd_sc_mcu7t5v0__and4_1 (0) disconnected node: Z
Cell gf180mcu_fd_sc_mcu7t5v0__and4_1 (0) disconnected node: VDD
Cell gf180mcu_fd_sc_mcu7t5v0__and4_1 (0) disconnected node: VNW
Cell gf180mcu_fd_sc_mcu7t5v0__and4_1 (0) disconnected node: VPW
Cell gf180mcu_fd_sc_mcu7t5v0__and4_1 (0) disconnected node: VSS
Warning: Equate pins:  cell gf180mcu_fd_sc_mcu7t5v0__and4_1 is a placeholder, treated as a black box.

Subcircuit pins:
Circuit 1: gf180mcu_fd_sc_mcu7t5v0__and4_1 |Circuit 2: gf180mcu_fd_sc_mcu7t5v0__and4_1 
-------------------------------------------|-------------------------------------------
A1                                         |A1                                         
A2                                         |A2                                         
A3                                         |A3                                         
A4                                         |A4                                         
Z                                          |Z                                          
VDD                                        |VDD                                        
VNW                                        |VNW                                        
VPW                                        |VPW                                        
VSS                                        |VSS                                        
---------------------------------------------------------------------------------------
Cell pin lists are equivalent.
Device classes gf180mcu_fd_sc_mcu7t5v0__and4_1 and gf180mcu_fd_sc_mcu7t5v0__and4_1 are equivalent.

Cell gf180mcu_fd_sc_mcu7t5v0__nand2_1 (0) disconnected node: A1
Cell gf180mcu_fd_sc_mcu7t5v0__nand2_1 (0) disconnected node: A2
Cell gf180mcu_fd_sc_mcu7t5v0__nand2_1 (0) disconnected node: ZN
Cell gf180mcu_fd_sc_mcu7t5v0__nand2_1 (0) disconnected node: VDD
Cell gf180mcu_fd_sc_mcu7t5v0__nand2_1 (0) disconnected node: VNW
Cell gf180mcu_fd_sc_mcu7t5v0__nand2_1 (0) disconnected node: VPW
Cell gf180mcu_fd_sc_mcu7t5v0__nand2_1 (0) disconnected node: VSS
Warning: Equate pins:  cell gf180mcu_fd_sc_mcu7t5v0__nand2_1 is a placeholder, treated as a black box.

Subcircuit pins:
Circuit 1: gf180mcu_fd_sc_mcu7t5v0__nand2_ |Circuit 2: gf180mcu_fd_sc_mcu7t5v0__nand2_ 
-------------------------------------------|-------------------------------------------
A1                                         |A1                                         
A2                                         |A2                                         
ZN                                         |ZN                                         
VDD                                        |VDD                                        
VNW                                        |VNW                                        
VPW                                        |VPW                                        
VSS                                        |VSS                                        
---------------------------------------------------------------------------------------
Cell pin lists are equivalent.
Device classes gf180mcu_fd_sc_mcu7t5v0__nand2_1 and gf180mcu_fd_sc_mcu7t5v0__nand2_1 are equivalent.

Cell gf180mcu_fd_sc_mcu7t5v0__or2_4 (0) disconnected node: A1
Cell gf180mcu_fd_sc_mcu7t5v0__or2_4 (0) disconnected node: A2
Cell gf180mcu_fd_sc_mcu7t5v0__or2_4 (0) disconnected node: Z
Cell gf180mcu_fd_sc_mcu7t5v0__or2_4 (0) disconnected node: VDD
Cell gf180mcu_fd_sc_mcu7t5v0__or2_4 (0) disconnected node: VNW
Cell gf180mcu_fd_sc_mcu7t5v0__or2_4 (0) disconnected node: VPW
Cell gf180mcu_fd_sc_mcu7t5v0__or2_4 (0) disconnected node: VSS
Warning: Equate pins:  cell gf180mcu_fd_sc_mcu7t5v0__or2_4 is a placeholder, treated as a black box.

Subcircuit pins:
Circuit 1: gf180mcu_fd_sc_mcu7t5v0__or2_4  |Circuit 2: gf180mcu_fd_sc_mcu7t5v0__or2_4  
-------------------------------------------|-------------------------------------------
A1                                         |A1                                         
A2                                         |A2                                         
Z                                          |Z                                          
VDD                                        |VDD                                        
VNW                                        |VNW                                        
VPW                                        |VPW                                        
VSS                                        |VSS                                        
---------------------------------------------------------------------------------------
Cell pin lists are equivalent.
Device classes gf180mcu_fd_sc_mcu7t5v0__or2_4 and gf180mcu_fd_sc_mcu7t5v0__or2_4 are equivalent.

Cell gf180mcu_fd_sc_mcu7t5v0__nor2_1 (0) disconnected node: A1
Cell gf180mcu_fd_sc_mcu7t5v0__nor2_1 (0) disconnected node: A2
Cell gf180mcu_fd_sc_mcu7t5v0__nor2_1 (0) disconnected node: ZN
Cell gf180mcu_fd_sc_mcu7t5v0__nor2_1 (0) disconnected node: VDD
Cell gf180mcu_fd_sc_mcu7t5v0__nor2_1 (0) disconnected node: VNW
Cell gf180mcu_fd_sc_mcu7t5v0__nor2_1 (0) disconnected node: VPW
Cell gf180mcu_fd_sc_mcu7t5v0__nor2_1 (0) disconnected node: VSS
Warning: Equate pins:  cell gf180mcu_fd_sc_mcu7t5v0__nor2_1 is a placeholder, treated as a black box.

Subcircuit pins:
Circuit 1: gf180mcu_fd_sc_mcu7t5v0__nor2_1 |Circuit 2: gf180mcu_fd_sc_mcu7t5v0__nor2_1 
-------------------------------------------|-------------------------------------------
A1                                         |A1                                         
A2                                         |A2                                         
ZN                                         |ZN                                         
VDD                                        |VDD                                        
VNW                                        |VNW                                        
VPW                                        |VPW                                        
VSS                                        |VSS                                        
---------------------------------------------------------------------------------------
Cell pin lists are equivalent.
Device classes gf180mcu_fd_sc_mcu7t5v0__nor2_1 and gf180mcu_fd_sc_mcu7t5v0__nor2_1 are equivalent.

Cell gf180mcu_fd_sc_mcu7t5v0__mux2_1 (0) disconnected node: I0
Cell gf180mcu_fd_sc_mcu7t5v0__mux2_1 (0) disconnected node: I1
Cell gf180mcu_fd_sc_mcu7t5v0__mux2_1 (0) disconnected node: S
Cell gf180mcu_fd_sc_mcu7t5v0__mux2_1 (0) disconnected node: Z
Cell gf180mcu_fd_sc_mcu7t5v0__mux2_1 (0) disconnected node: VDD
Cell gf180mcu_fd_sc_mcu7t5v0__mux2_1 (0) disconnected node: VNW
Cell gf180mcu_fd_sc_mcu7t5v0__mux2_1 (0) disconnected node: VPW
Cell gf180mcu_fd_sc_mcu7t5v0__mux2_1 (0) disconnected node: VSS
Warning: Equate pins:  cell gf180mcu_fd_sc_mcu7t5v0__mux2_1 is a placeholder, treated as a black box.

Subcircuit pins:
Circuit 1: gf180mcu_fd_sc_mcu7t5v0__mux2_1 |Circuit 2: gf180mcu_fd_sc_mcu7t5v0__mux2_1 
-------------------------------------------|-------------------------------------------
I0                                         |I0                                         
I1                                         |I1                                         
S                                          |S                                          
Z                                          |Z                                          
VDD                                        |VDD                                        
VNW                                        |VNW                                        
VPW                                        |VPW                                        
VSS                                        |VSS                                        
---------------------------------------------------------------------------------------
Cell pin lists are equivalent.
Device classes gf180mcu_fd_sc_mcu7t5v0__mux2_1 and gf180mcu_fd_sc_mcu7t5v0__mux2_1 are equivalent.

Cell gf180mcu_fd_sc_mcu7t5v0__dlya_2 (0) disconnected node: I
Cell gf180mcu_fd_sc_mcu7t5v0__dlya_2 (0) disconnected node: Z
Cell gf180mcu_fd_sc_mcu7t5v0__dlya_2 (0) disconnected node: VDD
Cell gf180mcu_fd_sc_mcu7t5v0__dlya_2 (0) disconnected node: VNW
Cell gf180mcu_fd_sc_mcu7t5v0__dlya_2 (0) disconnected node: VPW
Cell gf180mcu_fd_sc_mcu7t5v0__dlya_2 (0) disconnected node: VSS
Warning: Equate pins:  cell gf180mcu_fd_sc_mcu7t5v0__dlya_2 is a placeholder, treated as a black box.

Subcircuit pins:
Circuit 1: gf180mcu_fd_sc_mcu7t5v0__dlya_2 |Circuit 2: gf180mcu_fd_sc_mcu7t5v0__dlya_2 
-------------------------------------------|-------------------------------------------
I                                          |I                                          
Z                                          |Z                                          
VDD                                        |VDD                                        
VNW                                        |VNW                                        
VPW                                        |VPW                                        
VSS                                        |VSS                                        
---------------------------------------------------------------------------------------
Cell pin lists are equivalent.
Device classes gf180mcu_fd_sc_mcu7t5v0__dlya_2 and gf180mcu_fd_sc_mcu7t5v0__dlya_2 are equivalent.

Cell gf180mcu_fd_sc_mcu7t5v0__fillcap_64 (0) disconnected node: VDD
Cell gf180mcu_fd_sc_mcu7t5v0__fillcap_64 (0) disconnected node: VNW
Cell gf180mcu_fd_sc_mcu7t5v0__fillcap_64 (0) disconnected node: VPW
Cell gf180mcu_fd_sc_mcu7t5v0__fillcap_64 (0) disconnected node: VSS
Warning: Equate pins:  cell gf180mcu_fd_sc_mcu7t5v0__fillcap_64 is a placeholder, treated as a black box.

Subcircuit pins:
Circuit 1: gf180mcu_fd_sc_mcu7t5v0__fillca |Circuit 2: gf180mcu_fd_sc_mcu7t5v0__fillca 
-------------------------------------------|-------------------------------------------
VDD                                        |VDD                                        
VNW                                        |VNW                                        
VPW                                        |VPW                                        
VSS                                        |VSS                                        
---------------------------------------------------------------------------------------
Cell pin lists are equivalent.
Device classes gf180mcu_fd_sc_mcu7t5v0__fillcap_64 and gf180mcu_fd_sc_mcu7t5v0__fillcap_64 are equivalent.

Cell gf180mcu_fd_sc_mcu7t5v0__nor2_4 (0) disconnected node: A1
Cell gf180mcu_fd_sc_mcu7t5v0__nor2_4 (0) disconnected node: A2
Cell gf180mcu_fd_sc_mcu7t5v0__nor2_4 (0) disconnected node: ZN
Cell gf180mcu_fd_sc_mcu7t5v0__nor2_4 (0) disconnected node: VDD
Cell gf180mcu_fd_sc_mcu7t5v0__nor2_4 (0) disconnected node: VNW
Cell gf180mcu_fd_sc_mcu7t5v0__nor2_4 (0) disconnected node: VPW
Cell gf180mcu_fd_sc_mcu7t5v0__nor2_4 (0) disconnected node: VSS
Warning: Equate pins:  cell gf180mcu_fd_sc_mcu7t5v0__nor2_4 is a placeholder, treated as a black box.

Subcircuit pins:
Circuit 1: gf180mcu_fd_sc_mcu7t5v0__nor2_4 |Circuit 2: gf180mcu_fd_sc_mcu7t5v0__nor2_4 
-------------------------------------------|-------------------------------------------
A1                                         |A1                                         
A2                                         |A2                                         
ZN                                         |ZN                                         
VDD                                        |VDD                                        
VNW                                        |VNW                                        
VPW                                        |VPW                                        
VSS                                        |VSS                                        
---------------------------------------------------------------------------------------
Cell pin lists are equivalent.
Device classes gf180mcu_fd_sc_mcu7t5v0__nor2_4 and gf180mcu_fd_sc_mcu7t5v0__nor2_4 are equivalent.

Cell gf180mcu_fd_sc_mcu7t5v0__nand3_1 (0) disconnected node: A1
Cell gf180mcu_fd_sc_mcu7t5v0__nand3_1 (0) disconnected node: A2
Cell gf180mcu_fd_sc_mcu7t5v0__nand3_1 (0) disconnected node: A3
Cell gf180mcu_fd_sc_mcu7t5v0__nand3_1 (0) disconnected node: ZN
Cell gf180mcu_fd_sc_mcu7t5v0__nand3_1 (0) disconnected node: VDD
Cell gf180mcu_fd_sc_mcu7t5v0__nand3_1 (0) disconnected node: VNW
Cell gf180mcu_fd_sc_mcu7t5v0__nand3_1 (0) disconnected node: VPW
Cell gf180mcu_fd_sc_mcu7t5v0__nand3_1 (0) disconnected node: VSS
Warning: Equate pins:  cell gf180mcu_fd_sc_mcu7t5v0__nand3_1 is a placeholder, treated as a black box.

Subcircuit pins:
Circuit 1: gf180mcu_fd_sc_mcu7t5v0__nand3_ |Circuit 2: gf180mcu_fd_sc_mcu7t5v0__nand3_ 
-------------------------------------------|-------------------------------------------
A1                                         |A1                                         
A2                                         |A2                                         
A3                                         |A3                                         
ZN                                         |ZN                                         
VDD                                        |VDD                                        
VNW                                        |VNW                                        
VPW                                        |VPW                                        
VSS                                        |VSS                                        
---------------------------------------------------------------------------------------
Cell pin lists are equivalent.
Device classes gf180mcu_fd_sc_mcu7t5v0__nand3_1 and gf180mcu_fd_sc_mcu7t5v0__nand3_1 are equivalent.

Cell gf180mcu_fd_sc_mcu7t5v0__aoi22_1 (0) disconnected node: A1
Cell gf180mcu_fd_sc_mcu7t5v0__aoi22_1 (0) disconnected node: A2
Cell gf180mcu_fd_sc_mcu7t5v0__aoi22_1 (0) disconnected node: B1
Cell gf180mcu_fd_sc_mcu7t5v0__aoi22_1 (0) disconnected node: B2
Cell gf180mcu_fd_sc_mcu7t5v0__aoi22_1 (0) disconnected node: ZN
Cell gf180mcu_fd_sc_mcu7t5v0__aoi22_1 (0) disconnected node: VDD
Cell gf180mcu_fd_sc_mcu7t5v0__aoi22_1 (0) disconnected node: VNW
Cell gf180mcu_fd_sc_mcu7t5v0__aoi22_1 (0) disconnected node: VPW
Cell gf180mcu_fd_sc_mcu7t5v0__aoi22_1 (0) disconnected node: VSS
Warning: Equate pins:  cell gf180mcu_fd_sc_mcu7t5v0__aoi22_1 is a placeholder, treated as a black box.

Subcircuit pins:
Circuit 1: gf180mcu_fd_sc_mcu7t5v0__aoi22_ |Circuit 2: gf180mcu_fd_sc_mcu7t5v0__aoi22_ 
-------------------------------------------|-------------------------------------------
A1                                         |A1                                         
A2                                         |A2                                         
B1                                         |B1                                         
B2                                         |B2                                         
ZN                                         |ZN                                         
VDD                                        |VDD                                        
VNW                                        |VNW                                        
VPW                                        |VPW                                        
VSS                                        |VSS                                        
---------------------------------------------------------------------------------------
Cell pin lists are equivalent.
Device classes gf180mcu_fd_sc_mcu7t5v0__aoi22_1 and gf180mcu_fd_sc_mcu7t5v0__aoi22_1 are equivalent.

Cell gf180mcu_fd_sc_mcu7t5v0__or2_2 (0) disconnected node: A1
Cell gf180mcu_fd_sc_mcu7t5v0__or2_2 (0) disconnected node: A2
Cell gf180mcu_fd_sc_mcu7t5v0__or2_2 (0) disconnected node: Z
Cell gf180mcu_fd_sc_mcu7t5v0__or2_2 (0) disconnected node: VDD
Cell gf180mcu_fd_sc_mcu7t5v0__or2_2 (0) disconnected node: VNW
Cell gf180mcu_fd_sc_mcu7t5v0__or2_2 (0) disconnected node: VPW
Cell gf180mcu_fd_sc_mcu7t5v0__or2_2 (0) disconnected node: VSS
Warning: Equate pins:  cell gf180mcu_fd_sc_mcu7t5v0__or2_2 is a placeholder, treated as a black box.

Subcircuit pins:
Circuit 1: gf180mcu_fd_sc_mcu7t5v0__or2_2  |Circuit 2: gf180mcu_fd_sc_mcu7t5v0__or2_2  
-------------------------------------------|-------------------------------------------
A1                                         |A1                                         
A2                                         |A2                                         
Z                                          |Z                                          
VDD                                        |VDD                                        
VNW                                        |VNW                                        
VPW                                        |VPW                                        
VSS                                        |VSS                                        
---------------------------------------------------------------------------------------
Cell pin lists are equivalent.
Device classes gf180mcu_fd_sc_mcu7t5v0__or2_2 and gf180mcu_fd_sc_mcu7t5v0__or2_2 are equivalent.

Cell gf180mcu_fd_sc_mcu7t5v0__aoi21_1 (0) disconnected node: A1
Cell gf180mcu_fd_sc_mcu7t5v0__aoi21_1 (0) disconnected node: A2
Cell gf180mcu_fd_sc_mcu7t5v0__aoi21_1 (0) disconnected node: B
Cell gf180mcu_fd_sc_mcu7t5v0__aoi21_1 (0) disconnected node: ZN
Cell gf180mcu_fd_sc_mcu7t5v0__aoi21_1 (0) disconnected node: VDD
Cell gf180mcu_fd_sc_mcu7t5v0__aoi21_1 (0) disconnected node: VNW
Cell gf180mcu_fd_sc_mcu7t5v0__aoi21_1 (0) disconnected node: VPW
Cell gf180mcu_fd_sc_mcu7t5v0__aoi21_1 (0) disconnected node: VSS
Warning: Equate pins:  cell gf180mcu_fd_sc_mcu7t5v0__aoi21_1 is a placeholder, treated as a black box.

Subcircuit pins:
Circuit 1: gf180mcu_fd_sc_mcu7t5v0__aoi21_ |Circuit 2: gf180mcu_fd_sc_mcu7t5v0__aoi21_ 
-------------------------------------------|-------------------------------------------
A1                                         |A1                                         
A2                                         |A2                                         
B                                          |B                                          
ZN                                         |ZN                                         
VDD                                        |VDD                                        
VNW                                        |VNW                                        
VPW                                        |VPW                                        
VSS                                        |VSS                                        
---------------------------------------------------------------------------------------
Cell pin lists are equivalent.
Device classes gf180mcu_fd_sc_mcu7t5v0__aoi21_1 and gf180mcu_fd_sc_mcu7t5v0__aoi21_1 are equivalent.

Cell gf180mcu_fd_sc_mcu7t5v0__nand4_2 (0) disconnected node: A1
Cell gf180mcu_fd_sc_mcu7t5v0__nand4_2 (0) disconnected node: A2
Cell gf180mcu_fd_sc_mcu7t5v0__nand4_2 (0) disconnected node: A3
Cell gf180mcu_fd_sc_mcu7t5v0__nand4_2 (0) disconnected node: A4
Cell gf180mcu_fd_sc_mcu7t5v0__nand4_2 (0) disconnected node: ZN
Cell gf180mcu_fd_sc_mcu7t5v0__nand4_2 (0) disconnected node: VDD
Cell gf180mcu_fd_sc_mcu7t5v0__nand4_2 (0) disconnected node: VNW
Cell gf180mcu_fd_sc_mcu7t5v0__nand4_2 (0) disconnected node: VPW
Cell gf180mcu_fd_sc_mcu7t5v0__nand4_2 (0) disconnected node: VSS
Warning: Equate pins:  cell gf180mcu_fd_sc_mcu7t5v0__nand4_2 is a placeholder, treated as a black box.

Subcircuit pins:
Circuit 1: gf180mcu_fd_sc_mcu7t5v0__nand4_ |Circuit 2: gf180mcu_fd_sc_mcu7t5v0__nand4_ 
-------------------------------------------|-------------------------------------------
A1                                         |A1                                         
A2                                         |A2                                         
A3                                         |A3                                         
A4                                         |A4                                         
ZN                                         |ZN                                         
VDD                                        |VDD                                        
VNW                                        |VNW                                        
VPW                                        |VPW                                        
VSS                                        |VSS                                        
---------------------------------------------------------------------------------------
Cell pin lists are equivalent.
Device classes gf180mcu_fd_sc_mcu7t5v0__nand4_2 and gf180mcu_fd_sc_mcu7t5v0__nand4_2 are equivalent.

Cell gf180mcu_fd_sc_mcu7t5v0__nand2_4 (0) disconnected node: A1
Cell gf180mcu_fd_sc_mcu7t5v0__nand2_4 (0) disconnected node: A2
Cell gf180mcu_fd_sc_mcu7t5v0__nand2_4 (0) disconnected node: ZN
Cell gf180mcu_fd_sc_mcu7t5v0__nand2_4 (0) disconnected node: VDD
Cell gf180mcu_fd_sc_mcu7t5v0__nand2_4 (0) disconnected node: VNW
Cell gf180mcu_fd_sc_mcu7t5v0__nand2_4 (0) disconnected node: VPW
Cell gf180mcu_fd_sc_mcu7t5v0__nand2_4 (0) disconnected node: VSS
Warning: Equate pins:  cell gf180mcu_fd_sc_mcu7t5v0__nand2_4 is a placeholder, treated as a black box.

Subcircuit pins:
Circuit 1: gf180mcu_fd_sc_mcu7t5v0__nand2_ |Circuit 2: gf180mcu_fd_sc_mcu7t5v0__nand2_ 
-------------------------------------------|-------------------------------------------
A1                                         |A1                                         
A2                                         |A2                                         
ZN                                         |ZN                                         
VDD                                        |VDD                                        
VNW                                        |VNW                                        
VPW                                        |VPW                                        
VSS                                        |VSS                                        
---------------------------------------------------------------------------------------
Cell pin lists are equivalent.
Device classes gf180mcu_fd_sc_mcu7t5v0__nand2_4 and gf180mcu_fd_sc_mcu7t5v0__nand2_4 are equivalent.

Cell gf180mcu_fd_sc_mcu7t5v0__nand3_2 (0) disconnected node: A1
Cell gf180mcu_fd_sc_mcu7t5v0__nand3_2 (0) disconnected node: A2
Cell gf180mcu_fd_sc_mcu7t5v0__nand3_2 (0) disconnected node: A3
Cell gf180mcu_fd_sc_mcu7t5v0__nand3_2 (0) disconnected node: ZN
Cell gf180mcu_fd_sc_mcu7t5v0__nand3_2 (0) disconnected node: VDD
Cell gf180mcu_fd_sc_mcu7t5v0__nand3_2 (0) disconnected node: VNW
Cell gf180mcu_fd_sc_mcu7t5v0__nand3_2 (0) disconnected node: VPW
Cell gf180mcu_fd_sc_mcu7t5v0__nand3_2 (0) disconnected node: VSS
Warning: Equate pins:  cell gf180mcu_fd_sc_mcu7t5v0__nand3_2 is a placeholder, treated as a black box.

Subcircuit pins:
Circuit 1: gf180mcu_fd_sc_mcu7t5v0__nand3_ |Circuit 2: gf180mcu_fd_sc_mcu7t5v0__nand3_ 
-------------------------------------------|-------------------------------------------
A1                                         |A1                                         
A2                                         |A2                                         
A3                                         |A3                                         
ZN                                         |ZN                                         
VDD                                        |VDD                                        
VNW                                        |VNW                                        
VPW                                        |VPW                                        
VSS                                        |VSS                                        
---------------------------------------------------------------------------------------
Cell pin lists are equivalent.
Device classes gf180mcu_fd_sc_mcu7t5v0__nand3_2 and gf180mcu_fd_sc_mcu7t5v0__nand3_2 are equivalent.

Cell gf180mcu_fd_sc_mcu7t5v0__clkinv_2 (0) disconnected node: I
Cell gf180mcu_fd_sc_mcu7t5v0__clkinv_2 (0) disconnected node: ZN
Cell gf180mcu_fd_sc_mcu7t5v0__clkinv_2 (0) disconnected node: VDD
Cell gf180mcu_fd_sc_mcu7t5v0__clkinv_2 (0) disconnected node: VNW
Cell gf180mcu_fd_sc_mcu7t5v0__clkinv_2 (0) disconnected node: VPW
Cell gf180mcu_fd_sc_mcu7t5v0__clkinv_2 (0) disconnected node: VSS
Warning: Equate pins:  cell gf180mcu_fd_sc_mcu7t5v0__clkinv_2 is a placeholder, treated as a black box.

Subcircuit pins:
Circuit 1: gf180mcu_fd_sc_mcu7t5v0__clkinv |Circuit 2: gf180mcu_fd_sc_mcu7t5v0__clkinv 
-------------------------------------------|-------------------------------------------
I                                          |I                                          
ZN                                         |ZN                                         
VDD                                        |VDD                                        
VNW                                        |VNW                                        
VPW                                        |VPW                                        
VSS                                        |VSS                                        
---------------------------------------------------------------------------------------
Cell pin lists are equivalent.
Device classes gf180mcu_fd_sc_mcu7t5v0__clkinv_2 and gf180mcu_fd_sc_mcu7t5v0__clkinv_2 are equivalent.

Cell gf180mcu_fd_sc_mcu7t5v0__aoi211_1 (0) disconnected node: A1
Cell gf180mcu_fd_sc_mcu7t5v0__aoi211_1 (0) disconnected node: A2
Cell gf180mcu_fd_sc_mcu7t5v0__aoi211_1 (0) disconnected node: B
Cell gf180mcu_fd_sc_mcu7t5v0__aoi211_1 (0) disconnected node: C
Cell gf180mcu_fd_sc_mcu7t5v0__aoi211_1 (0) disconnected node: ZN
Cell gf180mcu_fd_sc_mcu7t5v0__aoi211_1 (0) disconnected node: VDD
Cell gf180mcu_fd_sc_mcu7t5v0__aoi211_1 (0) disconnected node: VNW
Cell gf180mcu_fd_sc_mcu7t5v0__aoi211_1 (0) disconnected node: VPW
Cell gf180mcu_fd_sc_mcu7t5v0__aoi211_1 (0) disconnected node: VSS
Warning: Equate pins:  cell gf180mcu_fd_sc_mcu7t5v0__aoi211_1 is a placeholder, treated as a black box.

Subcircuit pins:
Circuit 1: gf180mcu_fd_sc_mcu7t5v0__aoi211 |Circuit 2: gf180mcu_fd_sc_mcu7t5v0__aoi211 
-------------------------------------------|-------------------------------------------
A1                                         |A1                                         
A2                                         |A2                                         
B                                          |B                                          
C                                          |C                                          
ZN                                         |ZN                                         
VDD                                        |VDD                                        
VNW                                        |VNW                                        
VPW                                        |VPW                                        
VSS                                        |VSS                                        
---------------------------------------------------------------------------------------
Cell pin lists are equivalent.
Device classes gf180mcu_fd_sc_mcu7t5v0__aoi211_1 and gf180mcu_fd_sc_mcu7t5v0__aoi211_1 are equivalent.

Cell gf180mcu_fd_sc_mcu7t5v0__oai31_1 (0) disconnected node: A1
Cell gf180mcu_fd_sc_mcu7t5v0__oai31_1 (0) disconnected node: A2
Cell gf180mcu_fd_sc_mcu7t5v0__oai31_1 (0) disconnected node: A3
Cell gf180mcu_fd_sc_mcu7t5v0__oai31_1 (0) disconnected node: B
Cell gf180mcu_fd_sc_mcu7t5v0__oai31_1 (0) disconnected node: ZN
Cell gf180mcu_fd_sc_mcu7t5v0__oai31_1 (0) disconnected node: VDD
Cell gf180mcu_fd_sc_mcu7t5v0__oai31_1 (0) disconnected node: VNW
Cell gf180mcu_fd_sc_mcu7t5v0__oai31_1 (0) disconnected node: VPW
Cell gf180mcu_fd_sc_mcu7t5v0__oai31_1 (0) disconnected node: VSS
Warning: Equate pins:  cell gf180mcu_fd_sc_mcu7t5v0__oai31_1 is a placeholder, treated as a black box.

Subcircuit pins:
Circuit 1: gf180mcu_fd_sc_mcu7t5v0__oai31_ |Circuit 2: gf180mcu_fd_sc_mcu7t5v0__oai31_ 
-------------------------------------------|-------------------------------------------
A1                                         |A1                                         
A2                                         |A2                                         
A3                                         |A3                                         
B                                          |B                                          
ZN                                         |ZN                                         
VDD                                        |VDD                                        
VNW                                        |VNW                                        
VPW                                        |VPW                                        
VSS                                        |VSS                                        
---------------------------------------------------------------------------------------
Cell pin lists are equivalent.
Device classes gf180mcu_fd_sc_mcu7t5v0__oai31_1 and gf180mcu_fd_sc_mcu7t5v0__oai31_1 are equivalent.

Cell gf180mcu_fd_sc_mcu7t5v0__clkbuf_8 (0) disconnected node: I
Cell gf180mcu_fd_sc_mcu7t5v0__clkbuf_8 (0) disconnected node: Z
Cell gf180mcu_fd_sc_mcu7t5v0__clkbuf_8 (0) disconnected node: VDD
Cell gf180mcu_fd_sc_mcu7t5v0__clkbuf_8 (0) disconnected node: VNW
Cell gf180mcu_fd_sc_mcu7t5v0__clkbuf_8 (0) disconnected node: VPW
Cell gf180mcu_fd_sc_mcu7t5v0__clkbuf_8 (0) disconnected node: VSS
Warning: Equate pins:  cell gf180mcu_fd_sc_mcu7t5v0__clkbuf_8 is a placeholder, treated as a black box.

Subcircuit pins:
Circuit 1: gf180mcu_fd_sc_mcu7t5v0__clkbuf |Circuit 2: gf180mcu_fd_sc_mcu7t5v0__clkbuf 
-------------------------------------------|-------------------------------------------
I                                          |I                                          
Z                                          |Z                                          
VDD                                        |VDD                                        
VNW                                        |VNW                                        
VPW                                        |VPW                                        
VSS                                        |VSS                                        
---------------------------------------------------------------------------------------
Cell pin lists are equivalent.
Device classes gf180mcu_fd_sc_mcu7t5v0__clkbuf_8 and gf180mcu_fd_sc_mcu7t5v0__clkbuf_8 are equivalent.

Cell gf180mcu_fd_sc_mcu7t5v0__clkbuf_16 (0) disconnected node: I
Cell gf180mcu_fd_sc_mcu7t5v0__clkbuf_16 (0) disconnected node: Z
Cell gf180mcu_fd_sc_mcu7t5v0__clkbuf_16 (0) disconnected node: VDD
Cell gf180mcu_fd_sc_mcu7t5v0__clkbuf_16 (0) disconnected node: VNW
Cell gf180mcu_fd_sc_mcu7t5v0__clkbuf_16 (0) disconnected node: VPW
Cell gf180mcu_fd_sc_mcu7t5v0__clkbuf_16 (0) disconnected node: VSS
Warning: Equate pins:  cell gf180mcu_fd_sc_mcu7t5v0__clkbuf_16 is a placeholder, treated as a black box.

Subcircuit pins:
Circuit 1: gf180mcu_fd_sc_mcu7t5v0__clkbuf |Circuit 2: gf180mcu_fd_sc_mcu7t5v0__clkbuf 
-------------------------------------------|-------------------------------------------
I                                          |I                                          
Z                                          |Z                                          
VDD                                        |VDD                                        
VNW                                        |VNW                                        
VPW                                        |VPW                                        
VSS                                        |VSS                                        
---------------------------------------------------------------------------------------
Cell pin lists are equivalent.
Device classes gf180mcu_fd_sc_mcu7t5v0__clkbuf_16 and gf180mcu_fd_sc_mcu7t5v0__clkbuf_16 are equivalent.

Cell gf180mcu_fd_sc_mcu7t5v0__and3_2 (0) disconnected node: A1
Cell gf180mcu_fd_sc_mcu7t5v0__and3_2 (0) disconnected node: A2
Cell gf180mcu_fd_sc_mcu7t5v0__and3_2 (0) disconnected node: A3
Cell gf180mcu_fd_sc_mcu7t5v0__and3_2 (0) disconnected node: Z
Cell gf180mcu_fd_sc_mcu7t5v0__and3_2 (0) disconnected node: VDD
Cell gf180mcu_fd_sc_mcu7t5v0__and3_2 (0) disconnected node: VNW
Cell gf180mcu_fd_sc_mcu7t5v0__and3_2 (0) disconnected node: VPW
Cell gf180mcu_fd_sc_mcu7t5v0__and3_2 (0) disconnected node: VSS
Warning: Equate pins:  cell gf180mcu_fd_sc_mcu7t5v0__and3_2 is a placeholder, treated as a black box.

Subcircuit pins:
Circuit 1: gf180mcu_fd_sc_mcu7t5v0__and3_2 |Circuit 2: gf180mcu_fd_sc_mcu7t5v0__and3_2 
-------------------------------------------|-------------------------------------------
A1                                         |A1                                         
A2                                         |A2                                         
A3                                         |A3                                         
Z                                          |Z                                          
VDD                                        |VDD                                        
VNW                                        |VNW                                        
VPW                                        |VPW                                        
VSS                                        |VSS                                        
---------------------------------------------------------------------------------------
Cell pin lists are equivalent.
Device classes gf180mcu_fd_sc_mcu7t5v0__and3_2 and gf180mcu_fd_sc_mcu7t5v0__and3_2 are equivalent.

Cell gf180mcu_fd_sc_mcu7t5v0__clkbuf_1 (0) disconnected node: I
Cell gf180mcu_fd_sc_mcu7t5v0__clkbuf_1 (0) disconnected node: Z
Cell gf180mcu_fd_sc_mcu7t5v0__clkbuf_1 (0) disconnected node: VDD
Cell gf180mcu_fd_sc_mcu7t5v0__clkbuf_1 (0) disconnected node: VNW
Cell gf180mcu_fd_sc_mcu7t5v0__clkbuf_1 (0) disconnected node: VPW
Cell gf180mcu_fd_sc_mcu7t5v0__clkbuf_1 (0) disconnected node: VSS
Warning: Equate pins:  cell gf180mcu_fd_sc_mcu7t5v0__clkbuf_1 is a placeholder, treated as a black box.

Subcircuit pins:
Circuit 1: gf180mcu_fd_sc_mcu7t5v0__clkbuf |Circuit 2: gf180mcu_fd_sc_mcu7t5v0__clkbuf 
-------------------------------------------|-------------------------------------------
I                                          |I                                          
Z                                          |Z                                          
VDD                                        |VDD                                        
VNW                                        |VNW                                        
VPW                                        |VPW                                        
VSS                                        |VSS                                        
---------------------------------------------------------------------------------------
Cell pin lists are equivalent.
Device classes gf180mcu_fd_sc_mcu7t5v0__clkbuf_1 and gf180mcu_fd_sc_mcu7t5v0__clkbuf_1 are equivalent.

Cell gf180mcu_fd_sc_mcu7t5v0__dlyb_1 (0) disconnected node: I
Cell gf180mcu_fd_sc_mcu7t5v0__dlyb_1 (0) disconnected node: Z
Cell gf180mcu_fd_sc_mcu7t5v0__dlyb_1 (0) disconnected node: VDD
Cell gf180mcu_fd_sc_mcu7t5v0__dlyb_1 (0) disconnected node: VNW
Cell gf180mcu_fd_sc_mcu7t5v0__dlyb_1 (0) disconnected node: VPW
Cell gf180mcu_fd_sc_mcu7t5v0__dlyb_1 (0) disconnected node: VSS
Warning: Equate pins:  cell gf180mcu_fd_sc_mcu7t5v0__dlyb_1 is a placeholder, treated as a black box.

Subcircuit pins:
Circuit 1: gf180mcu_fd_sc_mcu7t5v0__dlyb_1 |Circuit 2: gf180mcu_fd_sc_mcu7t5v0__dlyb_1 
-------------------------------------------|-------------------------------------------
I                                          |I                                          
Z                                          |Z                                          
VDD                                        |VDD                                        
VNW                                        |VNW                                        
VPW                                        |VPW                                        
VSS                                        |VSS                                        
---------------------------------------------------------------------------------------
Cell pin lists are equivalent.
Device classes gf180mcu_fd_sc_mcu7t5v0__dlyb_1 and gf180mcu_fd_sc_mcu7t5v0__dlyb_1 are equivalent.

Cell gf180mcu_fd_sc_mcu7t5v0__nor3_1 (0) disconnected node: A1
Cell gf180mcu_fd_sc_mcu7t5v0__nor3_1 (0) disconnected node: A2
Cell gf180mcu_fd_sc_mcu7t5v0__nor3_1 (0) disconnected node: A3
Cell gf180mcu_fd_sc_mcu7t5v0__nor3_1 (0) disconnected node: ZN
Cell gf180mcu_fd_sc_mcu7t5v0__nor3_1 (0) disconnected node: VDD
Cell gf180mcu_fd_sc_mcu7t5v0__nor3_1 (0) disconnected node: VNW
Cell gf180mcu_fd_sc_mcu7t5v0__nor3_1 (0) disconnected node: VPW
Cell gf180mcu_fd_sc_mcu7t5v0__nor3_1 (0) disconnected node: VSS
Warning: Equate pins:  cell gf180mcu_fd_sc_mcu7t5v0__nor3_1 is a placeholder, treated as a black box.

Subcircuit pins:
Circuit 1: gf180mcu_fd_sc_mcu7t5v0__nor3_1 |Circuit 2: gf180mcu_fd_sc_mcu7t5v0__nor3_1 
-------------------------------------------|-------------------------------------------
A1                                         |A1                                         
A2                                         |A2                                         
A3                                         |A3                                         
ZN                                         |ZN                                         
VDD                                        |VDD                                        
VNW                                        |VNW                                        
VPW                                        |VPW                                        
VSS                                        |VSS                                        
---------------------------------------------------------------------------------------
Cell pin lists are equivalent.
Device classes gf180mcu_fd_sc_mcu7t5v0__nor3_1 and gf180mcu_fd_sc_mcu7t5v0__nor3_1 are equivalent.

Cell gf180mcu_fd_sc_mcu7t5v0__oai21_2 (0) disconnected node: A1
Cell gf180mcu_fd_sc_mcu7t5v0__oai21_2 (0) disconnected node: A2
Cell gf180mcu_fd_sc_mcu7t5v0__oai21_2 (0) disconnected node: B
Cell gf180mcu_fd_sc_mcu7t5v0__oai21_2 (0) disconnected node: ZN
Cell gf180mcu_fd_sc_mcu7t5v0__oai21_2 (0) disconnected node: VDD
Cell gf180mcu_fd_sc_mcu7t5v0__oai21_2 (0) disconnected node: VNW
Cell gf180mcu_fd_sc_mcu7t5v0__oai21_2 (0) disconnected node: VPW
Cell gf180mcu_fd_sc_mcu7t5v0__oai21_2 (0) disconnected node: VSS
Warning: Equate pins:  cell gf180mcu_fd_sc_mcu7t5v0__oai21_2 is a placeholder, treated as a black box.

Subcircuit pins:
Circuit 1: gf180mcu_fd_sc_mcu7t5v0__oai21_ |Circuit 2: gf180mcu_fd_sc_mcu7t5v0__oai21_ 
-------------------------------------------|-------------------------------------------
A1                                         |A1                                         
A2                                         |A2                                         
B                                          |B                                          
ZN                                         |ZN                                         
VDD                                        |VDD                                        
VNW                                        |VNW                                        
VPW                                        |VPW                                        
VSS                                        |VSS                                        
---------------------------------------------------------------------------------------
Cell pin lists are equivalent.
Device classes gf180mcu_fd_sc_mcu7t5v0__oai21_2 and gf180mcu_fd_sc_mcu7t5v0__oai21_2 are equivalent.

Cell gf180mcu_fd_sc_mcu7t5v0__or4_1 (0) disconnected node: A1
Cell gf180mcu_fd_sc_mcu7t5v0__or4_1 (0) disconnected node: A2
Cell gf180mcu_fd_sc_mcu7t5v0__or4_1 (0) disconnected node: A3
Cell gf180mcu_fd_sc_mcu7t5v0__or4_1 (0) disconnected node: A4
Cell gf180mcu_fd_sc_mcu7t5v0__or4_1 (0) disconnected node: Z
Cell gf180mcu_fd_sc_mcu7t5v0__or4_1 (0) disconnected node: VDD
Cell gf180mcu_fd_sc_mcu7t5v0__or4_1 (0) disconnected node: VNW
Cell gf180mcu_fd_sc_mcu7t5v0__or4_1 (0) disconnected node: VPW
Cell gf180mcu_fd_sc_mcu7t5v0__or4_1 (0) disconnected node: VSS
Warning: Equate pins:  cell gf180mcu_fd_sc_mcu7t5v0__or4_1 is a placeholder, treated as a black box.

Subcircuit pins:
Circuit 1: gf180mcu_fd_sc_mcu7t5v0__or4_1  |Circuit 2: gf180mcu_fd_sc_mcu7t5v0__or4_1  
-------------------------------------------|-------------------------------------------
A1                                         |A1                                         
A2                                         |A2                                         
A3                                         |A3                                         
A4                                         |A4                                         
Z                                          |Z                                          
VDD                                        |VDD                                        
VNW                                        |VNW                                        
VPW                                        |VPW                                        
VSS                                        |VSS                                        
---------------------------------------------------------------------------------------
Cell pin lists are equivalent.
Device classes gf180mcu_fd_sc_mcu7t5v0__or4_1 and gf180mcu_fd_sc_mcu7t5v0__or4_1 are equivalent.

Cell gf180mcu_fd_sc_mcu7t5v0__clkinv_4 (0) disconnected node: I
Cell gf180mcu_fd_sc_mcu7t5v0__clkinv_4 (0) disconnected node: ZN
Cell gf180mcu_fd_sc_mcu7t5v0__clkinv_4 (0) disconnected node: VDD
Cell gf180mcu_fd_sc_mcu7t5v0__clkinv_4 (0) disconnected node: VNW
Cell gf180mcu_fd_sc_mcu7t5v0__clkinv_4 (0) disconnected node: VPW
Cell gf180mcu_fd_sc_mcu7t5v0__clkinv_4 (0) disconnected node: VSS
Warning: Equate pins:  cell gf180mcu_fd_sc_mcu7t5v0__clkinv_4 is a placeholder, treated as a black box.

Subcircuit pins:
Circuit 1: gf180mcu_fd_sc_mcu7t5v0__clkinv |Circuit 2: gf180mcu_fd_sc_mcu7t5v0__clkinv 
-------------------------------------------|-------------------------------------------
I                                          |I                                          
ZN                                         |ZN                                         
VDD                                        |VDD                                        
VNW                                        |VNW                                        
VPW                                        |VPW                                        
VSS                                        |VSS                                        
---------------------------------------------------------------------------------------
Cell pin lists are equivalent.
Device classes gf180mcu_fd_sc_mcu7t5v0__clkinv_4 and gf180mcu_fd_sc_mcu7t5v0__clkinv_4 are equivalent.

Cell gf180mcu_fd_sc_mcu7t5v0__buf_8 (0) disconnected node: I
Cell gf180mcu_fd_sc_mcu7t5v0__buf_8 (0) disconnected node: Z
Cell gf180mcu_fd_sc_mcu7t5v0__buf_8 (0) disconnected node: VDD
Cell gf180mcu_fd_sc_mcu7t5v0__buf_8 (0) disconnected node: VNW
Cell gf180mcu_fd_sc_mcu7t5v0__buf_8 (0) disconnected node: VPW
Cell gf180mcu_fd_sc_mcu7t5v0__buf_8 (0) disconnected node: VSS
Warning: Equate pins:  cell gf180mcu_fd_sc_mcu7t5v0__buf_8 is a placeholder, treated as a black box.

Subcircuit pins:
Circuit 1: gf180mcu_fd_sc_mcu7t5v0__buf_8  |Circuit 2: gf180mcu_fd_sc_mcu7t5v0__buf_8  
-------------------------------------------|-------------------------------------------
I                                          |I                                          
Z                                          |Z                                          
VDD                                        |VDD                                        
VNW                                        |VNW                                        
VPW                                        |VPW                                        
VSS                                        |VSS                                        
---------------------------------------------------------------------------------------
Cell pin lists are equivalent.
Device classes gf180mcu_fd_sc_mcu7t5v0__buf_8 and gf180mcu_fd_sc_mcu7t5v0__buf_8 are equivalent.

Cell gf180mcu_fd_sc_mcu7t5v0__xnor2_1 (0) disconnected node: A1
Cell gf180mcu_fd_sc_mcu7t5v0__xnor2_1 (0) disconnected node: A2
Cell gf180mcu_fd_sc_mcu7t5v0__xnor2_1 (0) disconnected node: ZN
Cell gf180mcu_fd_sc_mcu7t5v0__xnor2_1 (0) disconnected node: VDD
Cell gf180mcu_fd_sc_mcu7t5v0__xnor2_1 (0) disconnected node: VNW
Cell gf180mcu_fd_sc_mcu7t5v0__xnor2_1 (0) disconnected node: VPW
Cell gf180mcu_fd_sc_mcu7t5v0__xnor2_1 (0) disconnected node: VSS
Warning: Equate pins:  cell gf180mcu_fd_sc_mcu7t5v0__xnor2_1 is a placeholder, treated as a black box.

Subcircuit pins:
Circuit 1: gf180mcu_fd_sc_mcu7t5v0__xnor2_ |Circuit 2: gf180mcu_fd_sc_mcu7t5v0__xnor2_ 
-------------------------------------------|-------------------------------------------
A1                                         |A1                                         
A2                                         |A2                                         
ZN                                         |ZN                                         
VDD                                        |VDD                                        
VNW                                        |VNW                                        
VPW                                        |VPW                                        
VSS                                        |VSS                                        
---------------------------------------------------------------------------------------
Cell pin lists are equivalent.
Device classes gf180mcu_fd_sc_mcu7t5v0__xnor2_1 and gf180mcu_fd_sc_mcu7t5v0__xnor2_1 are equivalent.

Cell gf180mcu_fd_sc_mcu7t5v0__aoi21_2 (0) disconnected node: A1
Cell gf180mcu_fd_sc_mcu7t5v0__aoi21_2 (0) disconnected node: A2
Cell gf180mcu_fd_sc_mcu7t5v0__aoi21_2 (0) disconnected node: B
Cell gf180mcu_fd_sc_mcu7t5v0__aoi21_2 (0) disconnected node: ZN
Cell gf180mcu_fd_sc_mcu7t5v0__aoi21_2 (0) disconnected node: VDD
Cell gf180mcu_fd_sc_mcu7t5v0__aoi21_2 (0) disconnected node: VNW
Cell gf180mcu_fd_sc_mcu7t5v0__aoi21_2 (0) disconnected node: VPW
Cell gf180mcu_fd_sc_mcu7t5v0__aoi21_2 (0) disconnected node: VSS
Warning: Equate pins:  cell gf180mcu_fd_sc_mcu7t5v0__aoi21_2 is a placeholder, treated as a black box.

Subcircuit pins:
Circuit 1: gf180mcu_fd_sc_mcu7t5v0__aoi21_ |Circuit 2: gf180mcu_fd_sc_mcu7t5v0__aoi21_ 
-------------------------------------------|-------------------------------------------
A1                                         |A1                                         
A2                                         |A2                                         
B                                          |B                                          
ZN                                         |ZN                                         
VDD                                        |VDD                                        
VNW                                        |VNW                                        
VPW                                        |VPW                                        
VSS                                        |VSS                                        
---------------------------------------------------------------------------------------
Cell pin lists are equivalent.
Device classes gf180mcu_fd_sc_mcu7t5v0__aoi21_2 and gf180mcu_fd_sc_mcu7t5v0__aoi21_2 are equivalent.

Cell gf180mcu_fd_sc_mcu7t5v0__clkinv_3 (0) disconnected node: I
Cell gf180mcu_fd_sc_mcu7t5v0__clkinv_3 (0) disconnected node: ZN
Cell gf180mcu_fd_sc_mcu7t5v0__clkinv_3 (0) disconnected node: VDD
Cell gf180mcu_fd_sc_mcu7t5v0__clkinv_3 (0) disconnected node: VNW
Cell gf180mcu_fd_sc_mcu7t5v0__clkinv_3 (0) disconnected node: VPW
Cell gf180mcu_fd_sc_mcu7t5v0__clkinv_3 (0) disconnected node: VSS
Warning: Equate pins:  cell gf180mcu_fd_sc_mcu7t5v0__clkinv_3 is a placeholder, treated as a black box.

Subcircuit pins:
Circuit 1: gf180mcu_fd_sc_mcu7t5v0__clkinv |Circuit 2: gf180mcu_fd_sc_mcu7t5v0__clkinv 
-------------------------------------------|-------------------------------------------
I                                          |I                                          
ZN                                         |ZN                                         
VDD                                        |VDD                                        
VNW                                        |VNW                                        
VPW                                        |VPW                                        
VSS                                        |VSS                                        
---------------------------------------------------------------------------------------
Cell pin lists are equivalent.
Device classes gf180mcu_fd_sc_mcu7t5v0__clkinv_3 and gf180mcu_fd_sc_mcu7t5v0__clkinv_3 are equivalent.

Cell gf180mcu_fd_sc_mcu7t5v0__oai22_1 (0) disconnected node: A1
Cell gf180mcu_fd_sc_mcu7t5v0__oai22_1 (0) disconnected node: A2
Cell gf180mcu_fd_sc_mcu7t5v0__oai22_1 (0) disconnected node: B1
Cell gf180mcu_fd_sc_mcu7t5v0__oai22_1 (0) disconnected node: B2
Cell gf180mcu_fd_sc_mcu7t5v0__oai22_1 (0) disconnected node: ZN
Cell gf180mcu_fd_sc_mcu7t5v0__oai22_1 (0) disconnected node: VDD
Cell gf180mcu_fd_sc_mcu7t5v0__oai22_1 (0) disconnected node: VNW
Cell gf180mcu_fd_sc_mcu7t5v0__oai22_1 (0) disconnected node: VPW
Cell gf180mcu_fd_sc_mcu7t5v0__oai22_1 (0) disconnected node: VSS
Warning: Equate pins:  cell gf180mcu_fd_sc_mcu7t5v0__oai22_1 is a placeholder, treated as a black box.

Subcircuit pins:
Circuit 1: gf180mcu_fd_sc_mcu7t5v0__oai22_ |Circuit 2: gf180mcu_fd_sc_mcu7t5v0__oai22_ 
-------------------------------------------|-------------------------------------------
A1                                         |A1                                         
A2                                         |A2                                         
B1                                         |B1                                         
B2                                         |B2                                         
ZN                                         |ZN                                         
VDD                                        |VDD                                        
VNW                                        |VNW                                        
VPW                                        |VPW                                        
VSS                                        |VSS                                        
---------------------------------------------------------------------------------------
Cell pin lists are equivalent.
Device classes gf180mcu_fd_sc_mcu7t5v0__oai22_1 and gf180mcu_fd_sc_mcu7t5v0__oai22_1 are equivalent.

Cell gf180mcu_fd_sc_mcu7t5v0__nand2_2 (0) disconnected node: A1
Cell gf180mcu_fd_sc_mcu7t5v0__nand2_2 (0) disconnected node: A2
Cell gf180mcu_fd_sc_mcu7t5v0__nand2_2 (0) disconnected node: ZN
Cell gf180mcu_fd_sc_mcu7t5v0__nand2_2 (0) disconnected node: VDD
Cell gf180mcu_fd_sc_mcu7t5v0__nand2_2 (0) disconnected node: VNW
Cell gf180mcu_fd_sc_mcu7t5v0__nand2_2 (0) disconnected node: VPW
Cell gf180mcu_fd_sc_mcu7t5v0__nand2_2 (0) disconnected node: VSS
Warning: Equate pins:  cell gf180mcu_fd_sc_mcu7t5v0__nand2_2 is a placeholder, treated as a black box.

Subcircuit pins:
Circuit 1: gf180mcu_fd_sc_mcu7t5v0__nand2_ |Circuit 2: gf180mcu_fd_sc_mcu7t5v0__nand2_ 
-------------------------------------------|-------------------------------------------
A1                                         |A1                                         
A2                                         |A2                                         
ZN                                         |ZN                                         
VDD                                        |VDD                                        
VNW                                        |VNW                                        
VPW                                        |VPW                                        
VSS                                        |VSS                                        
---------------------------------------------------------------------------------------
Cell pin lists are equivalent.
Device classes gf180mcu_fd_sc_mcu7t5v0__nand2_2 and gf180mcu_fd_sc_mcu7t5v0__nand2_2 are equivalent.

Cell gf180mcu_fd_sc_mcu7t5v0__oai221_2 (0) disconnected node: A1
Cell gf180mcu_fd_sc_mcu7t5v0__oai221_2 (0) disconnected node: A2
Cell gf180mcu_fd_sc_mcu7t5v0__oai221_2 (0) disconnected node: B1
Cell gf180mcu_fd_sc_mcu7t5v0__oai221_2 (0) disconnected node: B2
Cell gf180mcu_fd_sc_mcu7t5v0__oai221_2 (0) disconnected node: C
Cell gf180mcu_fd_sc_mcu7t5v0__oai221_2 (0) disconnected node: ZN
Cell gf180mcu_fd_sc_mcu7t5v0__oai221_2 (0) disconnected node: VDD
Cell gf180mcu_fd_sc_mcu7t5v0__oai221_2 (0) disconnected node: VNW
Cell gf180mcu_fd_sc_mcu7t5v0__oai221_2 (0) disconnected node: VPW
Cell gf180mcu_fd_sc_mcu7t5v0__oai221_2 (0) disconnected node: VSS
Warning: Equate pins:  cell gf180mcu_fd_sc_mcu7t5v0__oai221_2 is a placeholder, treated as a black box.

Subcircuit pins:
Circuit 1: gf180mcu_fd_sc_mcu7t5v0__oai221 |Circuit 2: gf180mcu_fd_sc_mcu7t5v0__oai221 
-------------------------------------------|-------------------------------------------
A1                                         |A1                                         
A2                                         |A2                                         
B1                                         |B1                                         
B2                                         |B2                                         
C                                          |C                                          
ZN                                         |ZN                                         
VDD                                        |VDD                                        
VNW                                        |VNW                                        
VPW                                        |VPW                                        
VSS                                        |VSS                                        
---------------------------------------------------------------------------------------
Cell pin lists are equivalent.
Device classes gf180mcu_fd_sc_mcu7t5v0__oai221_2 and gf180mcu_fd_sc_mcu7t5v0__oai221_2 are equivalent.

Cell gf180mcu_fd_sc_mcu7t5v0__clkinv_8 (0) disconnected node: I
Cell gf180mcu_fd_sc_mcu7t5v0__clkinv_8 (0) disconnected node: ZN
Cell gf180mcu_fd_sc_mcu7t5v0__clkinv_8 (0) disconnected node: VDD
Cell gf180mcu_fd_sc_mcu7t5v0__clkinv_8 (0) disconnected node: VNW
Cell gf180mcu_fd_sc_mcu7t5v0__clkinv_8 (0) disconnected node: VPW
Cell gf180mcu_fd_sc_mcu7t5v0__clkinv_8 (0) disconnected node: VSS
Warning: Equate pins:  cell gf180mcu_fd_sc_mcu7t5v0__clkinv_8 is a placeholder, treated as a black box.

Subcircuit pins:
Circuit 1: gf180mcu_fd_sc_mcu7t5v0__clkinv |Circuit 2: gf180mcu_fd_sc_mcu7t5v0__clkinv 
-------------------------------------------|-------------------------------------------
I                                          |I                                          
ZN                                         |ZN                                         
VDD                                        |VDD                                        
VNW                                        |VNW                                        
VPW                                        |VPW                                        
VSS                                        |VSS                                        
---------------------------------------------------------------------------------------
Cell pin lists are equivalent.
Device classes gf180mcu_fd_sc_mcu7t5v0__clkinv_8 and gf180mcu_fd_sc_mcu7t5v0__clkinv_8 are equivalent.

Cell gf180mcu_fd_sc_mcu7t5v0__buf_3 (0) disconnected node: I
Cell gf180mcu_fd_sc_mcu7t5v0__buf_3 (0) disconnected node: Z
Cell gf180mcu_fd_sc_mcu7t5v0__buf_3 (0) disconnected node: VDD
Cell gf180mcu_fd_sc_mcu7t5v0__buf_3 (0) disconnected node: VNW
Cell gf180mcu_fd_sc_mcu7t5v0__buf_3 (0) disconnected node: VPW
Cell gf180mcu_fd_sc_mcu7t5v0__buf_3 (0) disconnected node: VSS
Warning: Equate pins:  cell gf180mcu_fd_sc_mcu7t5v0__buf_3 is a placeholder, treated as a black box.

Subcircuit pins:
Circuit 1: gf180mcu_fd_sc_mcu7t5v0__buf_3  |Circuit 2: gf180mcu_fd_sc_mcu7t5v0__buf_3  
-------------------------------------------|-------------------------------------------
I                                          |I                                          
Z                                          |Z                                          
VDD                                        |VDD                                        
VNW                                        |VNW                                        
VPW                                        |VPW                                        
VSS                                        |VSS                                        
---------------------------------------------------------------------------------------
Cell pin lists are equivalent.
Device classes gf180mcu_fd_sc_mcu7t5v0__buf_3 and gf180mcu_fd_sc_mcu7t5v0__buf_3 are equivalent.

Cell gf180mcu_fd_sc_mcu7t5v0__and4_2 (0) disconnected node: A1
Cell gf180mcu_fd_sc_mcu7t5v0__and4_2 (0) disconnected node: A2
Cell gf180mcu_fd_sc_mcu7t5v0__and4_2 (0) disconnected node: A3
Cell gf180mcu_fd_sc_mcu7t5v0__and4_2 (0) disconnected node: A4
Cell gf180mcu_fd_sc_mcu7t5v0__and4_2 (0) disconnected node: Z
Cell gf180mcu_fd_sc_mcu7t5v0__and4_2 (0) disconnected node: VDD
Cell gf180mcu_fd_sc_mcu7t5v0__and4_2 (0) disconnected node: VNW
Cell gf180mcu_fd_sc_mcu7t5v0__and4_2 (0) disconnected node: VPW
Cell gf180mcu_fd_sc_mcu7t5v0__and4_2 (0) disconnected node: VSS
Warning: Equate pins:  cell gf180mcu_fd_sc_mcu7t5v0__and4_2 is a placeholder, treated as a black box.

Subcircuit pins:
Circuit 1: gf180mcu_fd_sc_mcu7t5v0__and4_2 |Circuit 2: gf180mcu_fd_sc_mcu7t5v0__and4_2 
-------------------------------------------|-------------------------------------------
A1                                         |A1                                         
A2                                         |A2                                         
A3                                         |A3                                         
A4                                         |A4                                         
Z                                          |Z                                          
VDD                                        |VDD                                        
VNW                                        |VNW                                        
VPW                                        |VPW                                        
VSS                                        |VSS                                        
---------------------------------------------------------------------------------------
Cell pin lists are equivalent.
Device classes gf180mcu_fd_sc_mcu7t5v0__and4_2 and gf180mcu_fd_sc_mcu7t5v0__and4_2 are equivalent.

Cell gf180mcu_fd_sc_mcu7t5v0__buf_1 (0) disconnected node: I
Cell gf180mcu_fd_sc_mcu7t5v0__buf_1 (0) disconnected node: Z
Cell gf180mcu_fd_sc_mcu7t5v0__buf_1 (0) disconnected node: VDD
Cell gf180mcu_fd_sc_mcu7t5v0__buf_1 (0) disconnected node: VNW
Cell gf180mcu_fd_sc_mcu7t5v0__buf_1 (0) disconnected node: VPW
Cell gf180mcu_fd_sc_mcu7t5v0__buf_1 (0) disconnected node: VSS
Warning: Equate pins:  cell gf180mcu_fd_sc_mcu7t5v0__buf_1 is a placeholder, treated as a black box.

Subcircuit pins:
Circuit 1: gf180mcu_fd_sc_mcu7t5v0__buf_1  |Circuit 2: gf180mcu_fd_sc_mcu7t5v0__buf_1  
-------------------------------------------|-------------------------------------------
I                                          |I                                          
Z                                          |Z                                          
VDD                                        |VDD                                        
VNW                                        |VNW                                        
VPW                                        |VPW                                        
VSS                                        |VSS                                        
---------------------------------------------------------------------------------------
Cell pin lists are equivalent.
Device classes gf180mcu_fd_sc_mcu7t5v0__buf_1 and gf180mcu_fd_sc_mcu7t5v0__buf_1 are equivalent.

Cell gf180mcu_fd_sc_mcu7t5v0__xnor2_4 (0) disconnected node: A1
Cell gf180mcu_fd_sc_mcu7t5v0__xnor2_4 (0) disconnected node: A2
Cell gf180mcu_fd_sc_mcu7t5v0__xnor2_4 (0) disconnected node: ZN
Cell gf180mcu_fd_sc_mcu7t5v0__xnor2_4 (0) disconnected node: VDD
Cell gf180mcu_fd_sc_mcu7t5v0__xnor2_4 (0) disconnected node: VNW
Cell gf180mcu_fd_sc_mcu7t5v0__xnor2_4 (0) disconnected node: VPW
Cell gf180mcu_fd_sc_mcu7t5v0__xnor2_4 (0) disconnected node: VSS
Warning: Equate pins:  cell gf180mcu_fd_sc_mcu7t5v0__xnor2_4 is a placeholder, treated as a black box.

Subcircuit pins:
Circuit 1: gf180mcu_fd_sc_mcu7t5v0__xnor2_ |Circuit 2: gf180mcu_fd_sc_mcu7t5v0__xnor2_ 
-------------------------------------------|-------------------------------------------
A1                                         |A1                                         
A2                                         |A2                                         
ZN                                         |ZN                                         
VDD                                        |VDD                                        
VNW                                        |VNW                                        
VPW                                        |VPW                                        
VSS                                        |VSS                                        
---------------------------------------------------------------------------------------
Cell pin lists are equivalent.
Device classes gf180mcu_fd_sc_mcu7t5v0__xnor2_4 and gf180mcu_fd_sc_mcu7t5v0__xnor2_4 are equivalent.

Cell gf180mcu_fd_sc_mcu7t5v0__and3_1 (0) disconnected node: A1
Cell gf180mcu_fd_sc_mcu7t5v0__and3_1 (0) disconnected node: A2
Cell gf180mcu_fd_sc_mcu7t5v0__and3_1 (0) disconnected node: A3
Cell gf180mcu_fd_sc_mcu7t5v0__and3_1 (0) disconnected node: Z
Cell gf180mcu_fd_sc_mcu7t5v0__and3_1 (0) disconnected node: VDD
Cell gf180mcu_fd_sc_mcu7t5v0__and3_1 (0) disconnected node: VNW
Cell gf180mcu_fd_sc_mcu7t5v0__and3_1 (0) disconnected node: VPW
Cell gf180mcu_fd_sc_mcu7t5v0__and3_1 (0) disconnected node: VSS
Warning: Equate pins:  cell gf180mcu_fd_sc_mcu7t5v0__and3_1 is a placeholder, treated as a black box.

Subcircuit pins:
Circuit 1: gf180mcu_fd_sc_mcu7t5v0__and3_1 |Circuit 2: gf180mcu_fd_sc_mcu7t5v0__and3_1 
-------------------------------------------|-------------------------------------------
A1                                         |A1                                         
A2                                         |A2                                         
A3                                         |A3                                         
Z                                          |Z                                          
VDD                                        |VDD                                        
VNW                                        |VNW                                        
VPW                                        |VPW                                        
VSS                                        |VSS                                        
---------------------------------------------------------------------------------------
Cell pin lists are equivalent.
Device classes gf180mcu_fd_sc_mcu7t5v0__and3_1 and gf180mcu_fd_sc_mcu7t5v0__and3_1 are equivalent.

Cell gf180mcu_fd_sc_mcu7t5v0__dffrsnq_2 (0) disconnected node: D
Cell gf180mcu_fd_sc_mcu7t5v0__dffrsnq_2 (0) disconnected node: RN
Cell gf180mcu_fd_sc_mcu7t5v0__dffrsnq_2 (0) disconnected node: SETN
Cell gf180mcu_fd_sc_mcu7t5v0__dffrsnq_2 (0) disconnected node: CLK
Cell gf180mcu_fd_sc_mcu7t5v0__dffrsnq_2 (0) disconnected node: Q
Cell gf180mcu_fd_sc_mcu7t5v0__dffrsnq_2 (0) disconnected node: VDD
Cell gf180mcu_fd_sc_mcu7t5v0__dffrsnq_2 (0) disconnected node: VNW
Cell gf180mcu_fd_sc_mcu7t5v0__dffrsnq_2 (0) disconnected node: VPW
Cell gf180mcu_fd_sc_mcu7t5v0__dffrsnq_2 (0) disconnected node: VSS
Warning: Equate pins:  cell gf180mcu_fd_sc_mcu7t5v0__dffrsnq_2 is a placeholder, treated as a black box.

Subcircuit pins:
Circuit 1: gf180mcu_fd_sc_mcu7t5v0__dffrsn |Circuit 2: gf180mcu_fd_sc_mcu7t5v0__dffrsn 
-------------------------------------------|-------------------------------------------
D                                          |D                                          
RN                                         |RN                                         
SETN                                       |SETN                                       
CLK                                        |CLK                                        
Q                                          |Q                                          
VDD                                        |VDD                                        
VNW                                        |VNW                                        
VPW                                        |VPW                                        
VSS                                        |VSS                                        
---------------------------------------------------------------------------------------
Cell pin lists are equivalent.
Device classes gf180mcu_fd_sc_mcu7t5v0__dffrsnq_2 and gf180mcu_fd_sc_mcu7t5v0__dffrsnq_2 are equivalent.

Cell gf180mcu_fd_sc_mcu7t5v0__clkbuf_4 (0) disconnected node: I
Cell gf180mcu_fd_sc_mcu7t5v0__clkbuf_4 (0) disconnected node: Z
Cell gf180mcu_fd_sc_mcu7t5v0__clkbuf_4 (0) disconnected node: VDD
Cell gf180mcu_fd_sc_mcu7t5v0__clkbuf_4 (0) disconnected node: VNW
Cell gf180mcu_fd_sc_mcu7t5v0__clkbuf_4 (0) disconnected node: VPW
Cell gf180mcu_fd_sc_mcu7t5v0__clkbuf_4 (0) disconnected node: VSS
Warning: Equate pins:  cell gf180mcu_fd_sc_mcu7t5v0__clkbuf_4 is a placeholder, treated as a black box.

Subcircuit pins:
Circuit 1: gf180mcu_fd_sc_mcu7t5v0__clkbuf |Circuit 2: gf180mcu_fd_sc_mcu7t5v0__clkbuf 
-------------------------------------------|-------------------------------------------
I                                          |I                                          
Z                                          |Z                                          
VDD                                        |VDD                                        
VNW                                        |VNW                                        
VPW                                        |VPW                                        
VSS                                        |VSS                                        
---------------------------------------------------------------------------------------
Cell pin lists are equivalent.
Device classes gf180mcu_fd_sc_mcu7t5v0__clkbuf_4 and gf180mcu_fd_sc_mcu7t5v0__clkbuf_4 are equivalent.

Cell gf180mcu_fd_sc_mcu7t5v0__clkbuf_3 (0) disconnected node: I
Cell gf180mcu_fd_sc_mcu7t5v0__clkbuf_3 (0) disconnected node: Z
Cell gf180mcu_fd_sc_mcu7t5v0__clkbuf_3 (0) disconnected node: VDD
Cell gf180mcu_fd_sc_mcu7t5v0__clkbuf_3 (0) disconnected node: VNW
Cell gf180mcu_fd_sc_mcu7t5v0__clkbuf_3 (0) disconnected node: VPW
Cell gf180mcu_fd_sc_mcu7t5v0__clkbuf_3 (0) disconnected node: VSS
Warning: Equate pins:  cell gf180mcu_fd_sc_mcu7t5v0__clkbuf_3 is a placeholder, treated as a black box.

Subcircuit pins:
Circuit 1: gf180mcu_fd_sc_mcu7t5v0__clkbuf |Circuit 2: gf180mcu_fd_sc_mcu7t5v0__clkbuf 
-------------------------------------------|-------------------------------------------
I                                          |I                                          
Z                                          |Z                                          
VDD                                        |VDD                                        
VNW                                        |VNW                                        
VPW                                        |VPW                                        
VSS                                        |VSS                                        
---------------------------------------------------------------------------------------
Cell pin lists are equivalent.
Device classes gf180mcu_fd_sc_mcu7t5v0__clkbuf_3 and gf180mcu_fd_sc_mcu7t5v0__clkbuf_3 are equivalent.

Cell gf180mcu_fd_sc_mcu7t5v0__dffrnq_2 (0) disconnected node: D
Cell gf180mcu_fd_sc_mcu7t5v0__dffrnq_2 (0) disconnected node: RN
Cell gf180mcu_fd_sc_mcu7t5v0__dffrnq_2 (0) disconnected node: CLK
Cell gf180mcu_fd_sc_mcu7t5v0__dffrnq_2 (0) disconnected node: Q
Cell gf180mcu_fd_sc_mcu7t5v0__dffrnq_2 (0) disconnected node: VDD
Cell gf180mcu_fd_sc_mcu7t5v0__dffrnq_2 (0) disconnected node: VNW
Cell gf180mcu_fd_sc_mcu7t5v0__dffrnq_2 (0) disconnected node: VPW
Cell gf180mcu_fd_sc_mcu7t5v0__dffrnq_2 (0) disconnected node: VSS
Warning: Equate pins:  cell gf180mcu_fd_sc_mcu7t5v0__dffrnq_2 is a placeholder, treated as a black box.

Subcircuit pins:
Circuit 1: gf180mcu_fd_sc_mcu7t5v0__dffrnq |Circuit 2: gf180mcu_fd_sc_mcu7t5v0__dffrnq 
-------------------------------------------|-------------------------------------------
D                                          |D                                          
RN                                         |RN                                         
CLK                                        |CLK                                        
Q                                          |Q                                          
VDD                                        |VDD                                        
VNW                                        |VNW                                        
VPW                                        |VPW                                        
VSS                                        |VSS                                        
---------------------------------------------------------------------------------------
Cell pin lists are equivalent.
Device classes gf180mcu_fd_sc_mcu7t5v0__dffrnq_2 and gf180mcu_fd_sc_mcu7t5v0__dffrnq_2 are equivalent.

Cell gf180mcu_fd_sc_mcu7t5v0__nand4_1 (0) disconnected node: A1
Cell gf180mcu_fd_sc_mcu7t5v0__nand4_1 (0) disconnected node: A2
Cell gf180mcu_fd_sc_mcu7t5v0__nand4_1 (0) disconnected node: A3
Cell gf180mcu_fd_sc_mcu7t5v0__nand4_1 (0) disconnected node: A4
Cell gf180mcu_fd_sc_mcu7t5v0__nand4_1 (0) disconnected node: ZN
Cell gf180mcu_fd_sc_mcu7t5v0__nand4_1 (0) disconnected node: VDD
Cell gf180mcu_fd_sc_mcu7t5v0__nand4_1 (0) disconnected node: VNW
Cell gf180mcu_fd_sc_mcu7t5v0__nand4_1 (0) disconnected node: VPW
Cell gf180mcu_fd_sc_mcu7t5v0__nand4_1 (0) disconnected node: VSS
Warning: Equate pins:  cell gf180mcu_fd_sc_mcu7t5v0__nand4_1 is a placeholder, treated as a black box.

Subcircuit pins:
Circuit 1: gf180mcu_fd_sc_mcu7t5v0__nand4_ |Circuit 2: gf180mcu_fd_sc_mcu7t5v0__nand4_ 
-------------------------------------------|-------------------------------------------
A1                                         |A1                                         
A2                                         |A2                                         
A3                                         |A3                                         
A4                                         |A4                                         
ZN                                         |ZN                                         
VDD                                        |VDD                                        
VNW                                        |VNW                                        
VPW                                        |VPW                                        
VSS                                        |VSS                                        
---------------------------------------------------------------------------------------
Cell pin lists are equivalent.
Device classes gf180mcu_fd_sc_mcu7t5v0__nand4_1 and gf180mcu_fd_sc_mcu7t5v0__nand4_1 are equivalent.

Cell gf180mcu_fd_sc_mcu7t5v0__xnor3_1 (0) disconnected node: A1
Cell gf180mcu_fd_sc_mcu7t5v0__xnor3_1 (0) disconnected node: A2
Cell gf180mcu_fd_sc_mcu7t5v0__xnor3_1 (0) disconnected node: A3
Cell gf180mcu_fd_sc_mcu7t5v0__xnor3_1 (0) disconnected node: ZN
Cell gf180mcu_fd_sc_mcu7t5v0__xnor3_1 (0) disconnected node: VDD
Cell gf180mcu_fd_sc_mcu7t5v0__xnor3_1 (0) disconnected node: VNW
Cell gf180mcu_fd_sc_mcu7t5v0__xnor3_1 (0) disconnected node: VPW
Cell gf180mcu_fd_sc_mcu7t5v0__xnor3_1 (0) disconnected node: VSS
Warning: Equate pins:  cell gf180mcu_fd_sc_mcu7t5v0__xnor3_1 is a placeholder, treated as a black box.

Subcircuit pins:
Circuit 1: gf180mcu_fd_sc_mcu7t5v0__xnor3_ |Circuit 2: gf180mcu_fd_sc_mcu7t5v0__xnor3_ 
-------------------------------------------|-------------------------------------------
A1                                         |A1                                         
A2                                         |A2                                         
A3                                         |A3                                         
ZN                                         |ZN                                         
VDD                                        |VDD                                        
VNW                                        |VNW                                        
VPW                                        |VPW                                        
VSS                                        |VSS                                        
---------------------------------------------------------------------------------------
Cell pin lists are equivalent.
Device classes gf180mcu_fd_sc_mcu7t5v0__xnor3_1 and gf180mcu_fd_sc_mcu7t5v0__xnor3_1 are equivalent.

Cell gf180mcu_fd_sc_mcu7t5v0__xor3_2 (0) disconnected node: A1
Cell gf180mcu_fd_sc_mcu7t5v0__xor3_2 (0) disconnected node: A2
Cell gf180mcu_fd_sc_mcu7t5v0__xor3_2 (0) disconnected node: A3
Cell gf180mcu_fd_sc_mcu7t5v0__xor3_2 (0) disconnected node: Z
Cell gf180mcu_fd_sc_mcu7t5v0__xor3_2 (0) disconnected node: VDD
Cell gf180mcu_fd_sc_mcu7t5v0__xor3_2 (0) disconnected node: VNW
Cell gf180mcu_fd_sc_mcu7t5v0__xor3_2 (0) disconnected node: VPW
Cell gf180mcu_fd_sc_mcu7t5v0__xor3_2 (0) disconnected node: VSS
Warning: Equate pins:  cell gf180mcu_fd_sc_mcu7t5v0__xor3_2 is a placeholder, treated as a black box.

Subcircuit pins:
Circuit 1: gf180mcu_fd_sc_mcu7t5v0__xor3_2 |Circuit 2: gf180mcu_fd_sc_mcu7t5v0__xor3_2 
-------------------------------------------|-------------------------------------------
A1                                         |A1                                         
A2                                         |A2                                         
A3                                         |A3                                         
Z                                          |Z                                          
VDD                                        |VDD                                        
VNW                                        |VNW                                        
VPW                                        |VPW                                        
VSS                                        |VSS                                        
---------------------------------------------------------------------------------------
Cell pin lists are equivalent.
Device classes gf180mcu_fd_sc_mcu7t5v0__xor3_2 and gf180mcu_fd_sc_mcu7t5v0__xor3_2 are equivalent.

Cell gf180mcu_fd_sc_mcu7t5v0__buf_12 (0) disconnected node: I
Cell gf180mcu_fd_sc_mcu7t5v0__buf_12 (0) disconnected node: Z
Cell gf180mcu_fd_sc_mcu7t5v0__buf_12 (0) disconnected node: VDD
Cell gf180mcu_fd_sc_mcu7t5v0__buf_12 (0) disconnected node: VNW
Cell gf180mcu_fd_sc_mcu7t5v0__buf_12 (0) disconnected node: VPW
Cell gf180mcu_fd_sc_mcu7t5v0__buf_12 (0) disconnected node: VSS
Warning: Equate pins:  cell gf180mcu_fd_sc_mcu7t5v0__buf_12 is a placeholder, treated as a black box.

Subcircuit pins:
Circuit 1: gf180mcu_fd_sc_mcu7t5v0__buf_12 |Circuit 2: gf180mcu_fd_sc_mcu7t5v0__buf_12 
-------------------------------------------|-------------------------------------------
I                                          |I                                          
Z                                          |Z                                          
VDD                                        |VDD                                        
VNW                                        |VNW                                        
VPW                                        |VPW                                        
VSS                                        |VSS                                        
---------------------------------------------------------------------------------------
Cell pin lists are equivalent.
Device classes gf180mcu_fd_sc_mcu7t5v0__buf_12 and gf180mcu_fd_sc_mcu7t5v0__buf_12 are equivalent.

Cell gf180mcu_fd_sc_mcu7t5v0__inv_3 (0) disconnected node: I
Cell gf180mcu_fd_sc_mcu7t5v0__inv_3 (0) disconnected node: ZN
Cell gf180mcu_fd_sc_mcu7t5v0__inv_3 (0) disconnected node: VDD
Cell gf180mcu_fd_sc_mcu7t5v0__inv_3 (0) disconnected node: VNW
Cell gf180mcu_fd_sc_mcu7t5v0__inv_3 (0) disconnected node: VPW
Cell gf180mcu_fd_sc_mcu7t5v0__inv_3 (0) disconnected node: VSS
Warning: Equate pins:  cell gf180mcu_fd_sc_mcu7t5v0__inv_3 is a placeholder, treated as a black box.

Subcircuit pins:
Circuit 1: gf180mcu_fd_sc_mcu7t5v0__inv_3  |Circuit 2: gf180mcu_fd_sc_mcu7t5v0__inv_3  
-------------------------------------------|-------------------------------------------
I                                          |I                                          
ZN                                         |ZN                                         
VDD                                        |VDD                                        
VNW                                        |VNW                                        
VPW                                        |VPW                                        
VSS                                        |VSS                                        
---------------------------------------------------------------------------------------
Cell pin lists are equivalent.
Device classes gf180mcu_fd_sc_mcu7t5v0__inv_3 and gf180mcu_fd_sc_mcu7t5v0__inv_3 are equivalent.

Cell gf180mcu_fd_sc_mcu7t5v0__buf_4 (0) disconnected node: I
Cell gf180mcu_fd_sc_mcu7t5v0__buf_4 (0) disconnected node: Z
Cell gf180mcu_fd_sc_mcu7t5v0__buf_4 (0) disconnected node: VDD
Cell gf180mcu_fd_sc_mcu7t5v0__buf_4 (0) disconnected node: VNW
Cell gf180mcu_fd_sc_mcu7t5v0__buf_4 (0) disconnected node: VPW
Cell gf180mcu_fd_sc_mcu7t5v0__buf_4 (0) disconnected node: VSS
Warning: Equate pins:  cell gf180mcu_fd_sc_mcu7t5v0__buf_4 is a placeholder, treated as a black box.

Subcircuit pins:
Circuit 1: gf180mcu_fd_sc_mcu7t5v0__buf_4  |Circuit 2: gf180mcu_fd_sc_mcu7t5v0__buf_4  
-------------------------------------------|-------------------------------------------
I                                          |I                                          
Z                                          |Z                                          
VDD                                        |VDD                                        
VNW                                        |VNW                                        
VPW                                        |VPW                                        
VSS                                        |VSS                                        
---------------------------------------------------------------------------------------
Cell pin lists are equivalent.
Device classes gf180mcu_fd_sc_mcu7t5v0__buf_4 and gf180mcu_fd_sc_mcu7t5v0__buf_4 are equivalent.

Cell gf180mcu_fd_sc_mcu7t5v0__xor3_4 (0) disconnected node: A1
Cell gf180mcu_fd_sc_mcu7t5v0__xor3_4 (0) disconnected node: A2
Cell gf180mcu_fd_sc_mcu7t5v0__xor3_4 (0) disconnected node: A3
Cell gf180mcu_fd_sc_mcu7t5v0__xor3_4 (0) disconnected node: Z
Cell gf180mcu_fd_sc_mcu7t5v0__xor3_4 (0) disconnected node: VDD
Cell gf180mcu_fd_sc_mcu7t5v0__xor3_4 (0) disconnected node: VNW
Cell gf180mcu_fd_sc_mcu7t5v0__xor3_4 (0) disconnected node: VPW
Cell gf180mcu_fd_sc_mcu7t5v0__xor3_4 (0) disconnected node: VSS
Warning: Equate pins:  cell gf180mcu_fd_sc_mcu7t5v0__xor3_4 is a placeholder, treated as a black box.

Subcircuit pins:
Circuit 1: gf180mcu_fd_sc_mcu7t5v0__xor3_4 |Circuit 2: gf180mcu_fd_sc_mcu7t5v0__xor3_4 
-------------------------------------------|-------------------------------------------
A1                                         |A1                                         
A2                                         |A2                                         
A3                                         |A3                                         
Z                                          |Z                                          
VDD                                        |VDD                                        
VNW                                        |VNW                                        
VPW                                        |VPW                                        
VSS                                        |VSS                                        
---------------------------------------------------------------------------------------
Cell pin lists are equivalent.
Device classes gf180mcu_fd_sc_mcu7t5v0__xor3_4 and gf180mcu_fd_sc_mcu7t5v0__xor3_4 are equivalent.

Cell gf180mcu_fd_sc_mcu7t5v0__clkbuf_12 (0) disconnected node: I
Cell gf180mcu_fd_sc_mcu7t5v0__clkbuf_12 (0) disconnected node: Z
Cell gf180mcu_fd_sc_mcu7t5v0__clkbuf_12 (0) disconnected node: VDD
Cell gf180mcu_fd_sc_mcu7t5v0__clkbuf_12 (0) disconnected node: VNW
Cell gf180mcu_fd_sc_mcu7t5v0__clkbuf_12 (0) disconnected node: VPW
Cell gf180mcu_fd_sc_mcu7t5v0__clkbuf_12 (0) disconnected node: VSS
Warning: Equate pins:  cell gf180mcu_fd_sc_mcu7t5v0__clkbuf_12 is a placeholder, treated as a black box.

Subcircuit pins:
Circuit 1: gf180mcu_fd_sc_mcu7t5v0__clkbuf |Circuit 2: gf180mcu_fd_sc_mcu7t5v0__clkbuf 
-------------------------------------------|-------------------------------------------
I                                          |I                                          
Z                                          |Z                                          
VDD                                        |VDD                                        
VNW                                        |VNW                                        
VPW                                        |VPW                                        
VSS                                        |VSS                                        
---------------------------------------------------------------------------------------
Cell pin lists are equivalent.
Device classes gf180mcu_fd_sc_mcu7t5v0__clkbuf_12 and gf180mcu_fd_sc_mcu7t5v0__clkbuf_12 are equivalent.

Cell gf180mcu_fd_sc_mcu7t5v0__buf_16 (0) disconnected node: I
Cell gf180mcu_fd_sc_mcu7t5v0__buf_16 (0) disconnected node: Z
Cell gf180mcu_fd_sc_mcu7t5v0__buf_16 (0) disconnected node: VDD
Cell gf180mcu_fd_sc_mcu7t5v0__buf_16 (0) disconnected node: VNW
Cell gf180mcu_fd_sc_mcu7t5v0__buf_16 (0) disconnected node: VPW
Cell gf180mcu_fd_sc_mcu7t5v0__buf_16 (0) disconnected node: VSS
Warning: Equate pins:  cell gf180mcu_fd_sc_mcu7t5v0__buf_16 is a placeholder, treated as a black box.

Subcircuit pins:
Circuit 1: gf180mcu_fd_sc_mcu7t5v0__buf_16 |Circuit 2: gf180mcu_fd_sc_mcu7t5v0__buf_16 
-------------------------------------------|-------------------------------------------
I                                          |I                                          
Z                                          |Z                                          
VDD                                        |VDD                                        
VNW                                        |VNW                                        
VPW                                        |VPW                                        
VSS                                        |VSS                                        
---------------------------------------------------------------------------------------
Cell pin lists are equivalent.
Device classes gf180mcu_fd_sc_mcu7t5v0__buf_16 and gf180mcu_fd_sc_mcu7t5v0__buf_16 are equivalent.

Cell gf180mcu_fd_sc_mcu7t5v0__oai32_2 (0) disconnected node: A1
Cell gf180mcu_fd_sc_mcu7t5v0__oai32_2 (0) disconnected node: A2
Cell gf180mcu_fd_sc_mcu7t5v0__oai32_2 (0) disconnected node: A3
Cell gf180mcu_fd_sc_mcu7t5v0__oai32_2 (0) disconnected node: B1
Cell gf180mcu_fd_sc_mcu7t5v0__oai32_2 (0) disconnected node: B2
Cell gf180mcu_fd_sc_mcu7t5v0__oai32_2 (0) disconnected node: ZN
Cell gf180mcu_fd_sc_mcu7t5v0__oai32_2 (0) disconnected node: VDD
Cell gf180mcu_fd_sc_mcu7t5v0__oai32_2 (0) disconnected node: VNW
Cell gf180mcu_fd_sc_mcu7t5v0__oai32_2 (0) disconnected node: VPW
Cell gf180mcu_fd_sc_mcu7t5v0__oai32_2 (0) disconnected node: VSS
Warning: Equate pins:  cell gf180mcu_fd_sc_mcu7t5v0__oai32_2 is a placeholder, treated as a black box.

Subcircuit pins:
Circuit 1: gf180mcu_fd_sc_mcu7t5v0__oai32_ |Circuit 2: gf180mcu_fd_sc_mcu7t5v0__oai32_ 
-------------------------------------------|-------------------------------------------
A1                                         |A1                                         
A2                                         |A2                                         
A3                                         |A3                                         
B1                                         |B1                                         
B2                                         |B2                                         
ZN                                         |ZN                                         
VDD                                        |VDD                                        
VNW                                        |VNW                                        
VPW                                        |VPW                                        
VSS                                        |VSS                                        
---------------------------------------------------------------------------------------
Cell pin lists are equivalent.
Device classes gf180mcu_fd_sc_mcu7t5v0__oai32_2 and gf180mcu_fd_sc_mcu7t5v0__oai32_2 are equivalent.

Cell gf180mcu_fd_sc_mcu7t5v0__xor2_2 (0) disconnected node: A1
Cell gf180mcu_fd_sc_mcu7t5v0__xor2_2 (0) disconnected node: A2
Cell gf180mcu_fd_sc_mcu7t5v0__xor2_2 (0) disconnected node: Z
Cell gf180mcu_fd_sc_mcu7t5v0__xor2_2 (0) disconnected node: VDD
Cell gf180mcu_fd_sc_mcu7t5v0__xor2_2 (0) disconnected node: VNW
Cell gf180mcu_fd_sc_mcu7t5v0__xor2_2 (0) disconnected node: VPW
Cell gf180mcu_fd_sc_mcu7t5v0__xor2_2 (0) disconnected node: VSS
Warning: Equate pins:  cell gf180mcu_fd_sc_mcu7t5v0__xor2_2 is a placeholder, treated as a black box.

Subcircuit pins:
Circuit 1: gf180mcu_fd_sc_mcu7t5v0__xor2_2 |Circuit 2: gf180mcu_fd_sc_mcu7t5v0__xor2_2 
-------------------------------------------|-------------------------------------------
A1                                         |A1                                         
A2                                         |A2                                         
Z                                          |Z                                          
VDD                                        |VDD                                        
VNW                                        |VNW                                        
VPW                                        |VPW                                        
VSS                                        |VSS                                        
---------------------------------------------------------------------------------------
Cell pin lists are equivalent.
Device classes gf180mcu_fd_sc_mcu7t5v0__xor2_2 and gf180mcu_fd_sc_mcu7t5v0__xor2_2 are equivalent.

Cell gf180mcu_fd_sc_mcu7t5v0__and2_4 (0) disconnected node: A1
Cell gf180mcu_fd_sc_mcu7t5v0__and2_4 (0) disconnected node: A2
Cell gf180mcu_fd_sc_mcu7t5v0__and2_4 (0) disconnected node: Z
Cell gf180mcu_fd_sc_mcu7t5v0__and2_4 (0) disconnected node: VDD
Cell gf180mcu_fd_sc_mcu7t5v0__and2_4 (0) disconnected node: VNW
Cell gf180mcu_fd_sc_mcu7t5v0__and2_4 (0) disconnected node: VPW
Cell gf180mcu_fd_sc_mcu7t5v0__and2_4 (0) disconnected node: VSS
Warning: Equate pins:  cell gf180mcu_fd_sc_mcu7t5v0__and2_4 is a placeholder, treated as a black box.

Subcircuit pins:
Circuit 1: gf180mcu_fd_sc_mcu7t5v0__and2_4 |Circuit 2: gf180mcu_fd_sc_mcu7t5v0__and2_4 
-------------------------------------------|-------------------------------------------
A1                                         |A1                                         
A2                                         |A2                                         
Z                                          |Z                                          
VDD                                        |VDD                                        
VNW                                        |VNW                                        
VPW                                        |VPW                                        
VSS                                        |VSS                                        
---------------------------------------------------------------------------------------
Cell pin lists are equivalent.
Device classes gf180mcu_fd_sc_mcu7t5v0__and2_4 and gf180mcu_fd_sc_mcu7t5v0__and2_4 are equivalent.

Cell gf180mcu_fd_sc_mcu7t5v0__xnor3_4 (0) disconnected node: A1
Cell gf180mcu_fd_sc_mcu7t5v0__xnor3_4 (0) disconnected node: A2
Cell gf180mcu_fd_sc_mcu7t5v0__xnor3_4 (0) disconnected node: A3
Cell gf180mcu_fd_sc_mcu7t5v0__xnor3_4 (0) disconnected node: ZN
Cell gf180mcu_fd_sc_mcu7t5v0__xnor3_4 (0) disconnected node: VDD
Cell gf180mcu_fd_sc_mcu7t5v0__xnor3_4 (0) disconnected node: VNW
Cell gf180mcu_fd_sc_mcu7t5v0__xnor3_4 (0) disconnected node: VPW
Cell gf180mcu_fd_sc_mcu7t5v0__xnor3_4 (0) disconnected node: VSS
Warning: Equate pins:  cell gf180mcu_fd_sc_mcu7t5v0__xnor3_4 is a placeholder, treated as a black box.

Subcircuit pins:
Circuit 1: gf180mcu_fd_sc_mcu7t5v0__xnor3_ |Circuit 2: gf180mcu_fd_sc_mcu7t5v0__xnor3_ 
-------------------------------------------|-------------------------------------------
A1                                         |A1                                         
A2                                         |A2                                         
A3                                         |A3                                         
ZN                                         |ZN                                         
VDD                                        |VDD                                        
VNW                                        |VNW                                        
VPW                                        |VPW                                        
VSS                                        |VSS                                        
---------------------------------------------------------------------------------------
Cell pin lists are equivalent.
Device classes gf180mcu_fd_sc_mcu7t5v0__xnor3_4 and gf180mcu_fd_sc_mcu7t5v0__xnor3_4 are equivalent.

Cell gf180mcu_fd_sc_mcu7t5v0__mux2_2 (0) disconnected node: I0
Cell gf180mcu_fd_sc_mcu7t5v0__mux2_2 (0) disconnected node: I1
Cell gf180mcu_fd_sc_mcu7t5v0__mux2_2 (0) disconnected node: S
Cell gf180mcu_fd_sc_mcu7t5v0__mux2_2 (0) disconnected node: Z
Cell gf180mcu_fd_sc_mcu7t5v0__mux2_2 (0) disconnected node: VDD
Cell gf180mcu_fd_sc_mcu7t5v0__mux2_2 (0) disconnected node: VNW
Cell gf180mcu_fd_sc_mcu7t5v0__mux2_2 (0) disconnected node: VPW
Cell gf180mcu_fd_sc_mcu7t5v0__mux2_2 (0) disconnected node: VSS
Warning: Equate pins:  cell gf180mcu_fd_sc_mcu7t5v0__mux2_2 is a placeholder, treated as a black box.

Subcircuit pins:
Circuit 1: gf180mcu_fd_sc_mcu7t5v0__mux2_2 |Circuit 2: gf180mcu_fd_sc_mcu7t5v0__mux2_2 
-------------------------------------------|-------------------------------------------
I0                                         |I0                                         
I1                                         |I1                                         
S                                          |S                                          
Z                                          |Z                                          
VDD                                        |VDD                                        
VNW                                        |VNW                                        
VPW                                        |VPW                                        
VSS                                        |VSS                                        
---------------------------------------------------------------------------------------
Cell pin lists are equivalent.
Device classes gf180mcu_fd_sc_mcu7t5v0__mux2_2 and gf180mcu_fd_sc_mcu7t5v0__mux2_2 are equivalent.

Cell gf180mcu_fd_sc_mcu7t5v0__buf_20 (0) disconnected node: I
Cell gf180mcu_fd_sc_mcu7t5v0__buf_20 (0) disconnected node: Z
Cell gf180mcu_fd_sc_mcu7t5v0__buf_20 (0) disconnected node: VDD
Cell gf180mcu_fd_sc_mcu7t5v0__buf_20 (0) disconnected node: VNW
Cell gf180mcu_fd_sc_mcu7t5v0__buf_20 (0) disconnected node: VPW
Cell gf180mcu_fd_sc_mcu7t5v0__buf_20 (0) disconnected node: VSS
Warning: Equate pins:  cell gf180mcu_fd_sc_mcu7t5v0__buf_20 is a placeholder, treated as a black box.

Subcircuit pins:
Circuit 1: gf180mcu_fd_sc_mcu7t5v0__buf_20 |Circuit 2: gf180mcu_fd_sc_mcu7t5v0__buf_20 
-------------------------------------------|-------------------------------------------
I                                          |I                                          
Z                                          |Z                                          
VDD                                        |VDD                                        
VNW                                        |VNW                                        
VPW                                        |VPW                                        
VSS                                        |VSS                                        
---------------------------------------------------------------------------------------
Cell pin lists are equivalent.
Device classes gf180mcu_fd_sc_mcu7t5v0__buf_20 and gf180mcu_fd_sc_mcu7t5v0__buf_20 are equivalent.

Cell gf180mcu_fd_sc_mcu7t5v0__xor2_4 (0) disconnected node: A1
Cell gf180mcu_fd_sc_mcu7t5v0__xor2_4 (0) disconnected node: A2
Cell gf180mcu_fd_sc_mcu7t5v0__xor2_4 (0) disconnected node: Z
Cell gf180mcu_fd_sc_mcu7t5v0__xor2_4 (0) disconnected node: VDD
Cell gf180mcu_fd_sc_mcu7t5v0__xor2_4 (0) disconnected node: VNW
Cell gf180mcu_fd_sc_mcu7t5v0__xor2_4 (0) disconnected node: VPW
Cell gf180mcu_fd_sc_mcu7t5v0__xor2_4 (0) disconnected node: VSS
Warning: Equate pins:  cell gf180mcu_fd_sc_mcu7t5v0__xor2_4 is a placeholder, treated as a black box.

Subcircuit pins:
Circuit 1: gf180mcu_fd_sc_mcu7t5v0__xor2_4 |Circuit 2: gf180mcu_fd_sc_mcu7t5v0__xor2_4 
-------------------------------------------|-------------------------------------------
A1                                         |A1                                         
A2                                         |A2                                         
Z                                          |Z                                          
VDD                                        |VDD                                        
VNW                                        |VNW                                        
VPW                                        |VPW                                        
VSS                                        |VSS                                        
---------------------------------------------------------------------------------------
Cell pin lists are equivalent.
Device classes gf180mcu_fd_sc_mcu7t5v0__xor2_4 and gf180mcu_fd_sc_mcu7t5v0__xor2_4 are equivalent.

Cell gf180mcu_fd_sc_mcu7t5v0__nor4_4 (0) disconnected node: A1
Cell gf180mcu_fd_sc_mcu7t5v0__nor4_4 (0) disconnected node: A2
Cell gf180mcu_fd_sc_mcu7t5v0__nor4_4 (0) disconnected node: A3
Cell gf180mcu_fd_sc_mcu7t5v0__nor4_4 (0) disconnected node: A4
Cell gf180mcu_fd_sc_mcu7t5v0__nor4_4 (0) disconnected node: ZN
Cell gf180mcu_fd_sc_mcu7t5v0__nor4_4 (0) disconnected node: VDD
Cell gf180mcu_fd_sc_mcu7t5v0__nor4_4 (0) disconnected node: VNW
Cell gf180mcu_fd_sc_mcu7t5v0__nor4_4 (0) disconnected node: VPW
Cell gf180mcu_fd_sc_mcu7t5v0__nor4_4 (0) disconnected node: VSS
Warning: Equate pins:  cell gf180mcu_fd_sc_mcu7t5v0__nor4_4 is a placeholder, treated as a black box.

Subcircuit pins:
Circuit 1: gf180mcu_fd_sc_mcu7t5v0__nor4_4 |Circuit 2: gf180mcu_fd_sc_mcu7t5v0__nor4_4 
-------------------------------------------|-------------------------------------------
A1                                         |A1                                         
A2                                         |A2                                         
A3                                         |A3                                         
A4                                         |A4                                         
ZN                                         |ZN                                         
VDD                                        |VDD                                        
VNW                                        |VNW                                        
VPW                                        |VPW                                        
VSS                                        |VSS                                        
---------------------------------------------------------------------------------------
Cell pin lists are equivalent.
Device classes gf180mcu_fd_sc_mcu7t5v0__nor4_4 and gf180mcu_fd_sc_mcu7t5v0__nor4_4 are equivalent.

Cell gf180mcu_fd_sc_mcu7t5v0__and2_2 (0) disconnected node: A1
Cell gf180mcu_fd_sc_mcu7t5v0__and2_2 (0) disconnected node: A2
Cell gf180mcu_fd_sc_mcu7t5v0__and2_2 (0) disconnected node: Z
Cell gf180mcu_fd_sc_mcu7t5v0__and2_2 (0) disconnected node: VDD
Cell gf180mcu_fd_sc_mcu7t5v0__and2_2 (0) disconnected node: VNW
Cell gf180mcu_fd_sc_mcu7t5v0__and2_2 (0) disconnected node: VPW
Cell gf180mcu_fd_sc_mcu7t5v0__and2_2 (0) disconnected node: VSS
Warning: Equate pins:  cell gf180mcu_fd_sc_mcu7t5v0__and2_2 is a placeholder, treated as a black box.

Subcircuit pins:
Circuit 1: gf180mcu_fd_sc_mcu7t5v0__and2_2 |Circuit 2: gf180mcu_fd_sc_mcu7t5v0__and2_2 
-------------------------------------------|-------------------------------------------
A1                                         |A1                                         
A2                                         |A2                                         
Z                                          |Z                                          
VDD                                        |VDD                                        
VNW                                        |VNW                                        
VPW                                        |VPW                                        
VSS                                        |VSS                                        
---------------------------------------------------------------------------------------
Cell pin lists are equivalent.
Device classes gf180mcu_fd_sc_mcu7t5v0__and2_2 and gf180mcu_fd_sc_mcu7t5v0__and2_2 are equivalent.

Cell gf180mcu_fd_sc_mcu7t5v0__dffrnq_4 (0) disconnected node: D
Cell gf180mcu_fd_sc_mcu7t5v0__dffrnq_4 (0) disconnected node: RN
Cell gf180mcu_fd_sc_mcu7t5v0__dffrnq_4 (0) disconnected node: CLK
Cell gf180mcu_fd_sc_mcu7t5v0__dffrnq_4 (0) disconnected node: Q
Cell gf180mcu_fd_sc_mcu7t5v0__dffrnq_4 (0) disconnected node: VDD
Cell gf180mcu_fd_sc_mcu7t5v0__dffrnq_4 (0) disconnected node: VNW
Cell gf180mcu_fd_sc_mcu7t5v0__dffrnq_4 (0) disconnected node: VPW
Cell gf180mcu_fd_sc_mcu7t5v0__dffrnq_4 (0) disconnected node: VSS
Warning: Equate pins:  cell gf180mcu_fd_sc_mcu7t5v0__dffrnq_4 is a placeholder, treated as a black box.

Subcircuit pins:
Circuit 1: gf180mcu_fd_sc_mcu7t5v0__dffrnq |Circuit 2: gf180mcu_fd_sc_mcu7t5v0__dffrnq 
-------------------------------------------|-------------------------------------------
D                                          |D                                          
RN                                         |RN                                         
CLK                                        |CLK                                        
Q                                          |Q                                          
VDD                                        |VDD                                        
VNW                                        |VNW                                        
VPW                                        |VPW                                        
VSS                                        |VSS                                        
---------------------------------------------------------------------------------------
Cell pin lists are equivalent.
Device classes gf180mcu_fd_sc_mcu7t5v0__dffrnq_4 and gf180mcu_fd_sc_mcu7t5v0__dffrnq_4 are equivalent.

Cell gf180mcu_fd_sc_mcu7t5v0__clkbuf_2 (0) disconnected node: I
Cell gf180mcu_fd_sc_mcu7t5v0__clkbuf_2 (0) disconnected node: Z
Cell gf180mcu_fd_sc_mcu7t5v0__clkbuf_2 (0) disconnected node: VDD
Cell gf180mcu_fd_sc_mcu7t5v0__clkbuf_2 (0) disconnected node: VNW
Cell gf180mcu_fd_sc_mcu7t5v0__clkbuf_2 (0) disconnected node: VPW
Cell gf180mcu_fd_sc_mcu7t5v0__clkbuf_2 (0) disconnected node: VSS
Warning: Equate pins:  cell gf180mcu_fd_sc_mcu7t5v0__clkbuf_2 is a placeholder, treated as a black box.

Subcircuit pins:
Circuit 1: gf180mcu_fd_sc_mcu7t5v0__clkbuf |Circuit 2: gf180mcu_fd_sc_mcu7t5v0__clkbuf 
-------------------------------------------|-------------------------------------------
I                                          |I                                          
Z                                          |Z                                          
VDD                                        |VDD                                        
VNW                                        |VNW                                        
VPW                                        |VPW                                        
VSS                                        |VSS                                        
---------------------------------------------------------------------------------------
Cell pin lists are equivalent.
Device classes gf180mcu_fd_sc_mcu7t5v0__clkbuf_2 and gf180mcu_fd_sc_mcu7t5v0__clkbuf_2 are equivalent.

Cell gf180mcu_fd_sc_mcu7t5v0__buf_2 (0) disconnected node: I
Cell gf180mcu_fd_sc_mcu7t5v0__buf_2 (0) disconnected node: Z
Cell gf180mcu_fd_sc_mcu7t5v0__buf_2 (0) disconnected node: VDD
Cell gf180mcu_fd_sc_mcu7t5v0__buf_2 (0) disconnected node: VNW
Cell gf180mcu_fd_sc_mcu7t5v0__buf_2 (0) disconnected node: VPW
Cell gf180mcu_fd_sc_mcu7t5v0__buf_2 (0) disconnected node: VSS
Warning: Equate pins:  cell gf180mcu_fd_sc_mcu7t5v0__buf_2 is a placeholder, treated as a black box.

Subcircuit pins:
Circuit 1: gf180mcu_fd_sc_mcu7t5v0__buf_2  |Circuit 2: gf180mcu_fd_sc_mcu7t5v0__buf_2  
-------------------------------------------|-------------------------------------------
I                                          |I                                          
Z                                          |Z                                          
VDD                                        |VDD                                        
VNW                                        |VNW                                        
VPW                                        |VPW                                        
VSS                                        |VSS                                        
---------------------------------------------------------------------------------------
Cell pin lists are equivalent.
Device classes gf180mcu_fd_sc_mcu7t5v0__buf_2 and gf180mcu_fd_sc_mcu7t5v0__buf_2 are equivalent.

Cell gf180mcu_fd_sc_mcu7t5v0__oai31_2 (0) disconnected node: A1
Cell gf180mcu_fd_sc_mcu7t5v0__oai31_2 (0) disconnected node: A2
Cell gf180mcu_fd_sc_mcu7t5v0__oai31_2 (0) disconnected node: A3
Cell gf180mcu_fd_sc_mcu7t5v0__oai31_2 (0) disconnected node: B
Cell gf180mcu_fd_sc_mcu7t5v0__oai31_2 (0) disconnected node: ZN
Cell gf180mcu_fd_sc_mcu7t5v0__oai31_2 (0) disconnected node: VDD
Cell gf180mcu_fd_sc_mcu7t5v0__oai31_2 (0) disconnected node: VNW
Cell gf180mcu_fd_sc_mcu7t5v0__oai31_2 (0) disconnected node: VPW
Cell gf180mcu_fd_sc_mcu7t5v0__oai31_2 (0) disconnected node: VSS
Warning: Equate pins:  cell gf180mcu_fd_sc_mcu7t5v0__oai31_2 is a placeholder, treated as a black box.

Subcircuit pins:
Circuit 1: gf180mcu_fd_sc_mcu7t5v0__oai31_ |Circuit 2: gf180mcu_fd_sc_mcu7t5v0__oai31_ 
-------------------------------------------|-------------------------------------------
A1                                         |A1                                         
A2                                         |A2                                         
A3                                         |A3                                         
B                                          |B                                          
ZN                                         |ZN                                         
VDD                                        |VDD                                        
VNW                                        |VNW                                        
VPW                                        |VPW                                        
VSS                                        |VSS                                        
---------------------------------------------------------------------------------------
Cell pin lists are equivalent.
Device classes gf180mcu_fd_sc_mcu7t5v0__oai31_2 and gf180mcu_fd_sc_mcu7t5v0__oai31_2 are equivalent.

Cell gf180mcu_fd_sc_mcu7t5v0__inv_2 (0) disconnected node: I
Cell gf180mcu_fd_sc_mcu7t5v0__inv_2 (0) disconnected node: ZN
Cell gf180mcu_fd_sc_mcu7t5v0__inv_2 (0) disconnected node: VDD
Cell gf180mcu_fd_sc_mcu7t5v0__inv_2 (0) disconnected node: VNW
Cell gf180mcu_fd_sc_mcu7t5v0__inv_2 (0) disconnected node: VPW
Cell gf180mcu_fd_sc_mcu7t5v0__inv_2 (0) disconnected node: VSS
Warning: Equate pins:  cell gf180mcu_fd_sc_mcu7t5v0__inv_2 is a placeholder, treated as a black box.

Subcircuit pins:
Circuit 1: gf180mcu_fd_sc_mcu7t5v0__inv_2  |Circuit 2: gf180mcu_fd_sc_mcu7t5v0__inv_2  
-------------------------------------------|-------------------------------------------
I                                          |I                                          
ZN                                         |ZN                                         
VDD                                        |VDD                                        
VNW                                        |VNW                                        
VPW                                        |VPW                                        
VSS                                        |VSS                                        
---------------------------------------------------------------------------------------
Cell pin lists are equivalent.
Device classes gf180mcu_fd_sc_mcu7t5v0__inv_2 and gf180mcu_fd_sc_mcu7t5v0__inv_2 are equivalent.

Cell gf180mcu_fd_sc_mcu7t5v0__oai211_1 (0) disconnected node: A1
Cell gf180mcu_fd_sc_mcu7t5v0__oai211_1 (0) disconnected node: A2
Cell gf180mcu_fd_sc_mcu7t5v0__oai211_1 (0) disconnected node: B
Cell gf180mcu_fd_sc_mcu7t5v0__oai211_1 (0) disconnected node: C
Cell gf180mcu_fd_sc_mcu7t5v0__oai211_1 (0) disconnected node: ZN
Cell gf180mcu_fd_sc_mcu7t5v0__oai211_1 (0) disconnected node: VDD
Cell gf180mcu_fd_sc_mcu7t5v0__oai211_1 (0) disconnected node: VNW
Cell gf180mcu_fd_sc_mcu7t5v0__oai211_1 (0) disconnected node: VPW
Cell gf180mcu_fd_sc_mcu7t5v0__oai211_1 (0) disconnected node: VSS
Warning: Equate pins:  cell gf180mcu_fd_sc_mcu7t5v0__oai211_1 is a placeholder, treated as a black box.

Subcircuit pins:
Circuit 1: gf180mcu_fd_sc_mcu7t5v0__oai211 |Circuit 2: gf180mcu_fd_sc_mcu7t5v0__oai211 
-------------------------------------------|-------------------------------------------
A1                                         |A1                                         
A2                                         |A2                                         
B                                          |B                                          
C                                          |C                                          
ZN                                         |ZN                                         
VDD                                        |VDD                                        
VNW                                        |VNW                                        
VPW                                        |VPW                                        
VSS                                        |VSS                                        
---------------------------------------------------------------------------------------
Cell pin lists are equivalent.
Device classes gf180mcu_fd_sc_mcu7t5v0__oai211_1 and gf180mcu_fd_sc_mcu7t5v0__oai211_1 are equivalent.

Cell gf180mcu_fd_sc_mcu7t5v0__nand3_4 (0) disconnected node: A1
Cell gf180mcu_fd_sc_mcu7t5v0__nand3_4 (0) disconnected node: A2
Cell gf180mcu_fd_sc_mcu7t5v0__nand3_4 (0) disconnected node: A3
Cell gf180mcu_fd_sc_mcu7t5v0__nand3_4 (0) disconnected node: ZN
Cell gf180mcu_fd_sc_mcu7t5v0__nand3_4 (0) disconnected node: VDD
Cell gf180mcu_fd_sc_mcu7t5v0__nand3_4 (0) disconnected node: VNW
Cell gf180mcu_fd_sc_mcu7t5v0__nand3_4 (0) disconnected node: VPW
Cell gf180mcu_fd_sc_mcu7t5v0__nand3_4 (0) disconnected node: VSS
Warning: Equate pins:  cell gf180mcu_fd_sc_mcu7t5v0__nand3_4 is a placeholder, treated as a black box.

Subcircuit pins:
Circuit 1: gf180mcu_fd_sc_mcu7t5v0__nand3_ |Circuit 2: gf180mcu_fd_sc_mcu7t5v0__nand3_ 
-------------------------------------------|-------------------------------------------
A1                                         |A1                                         
A2                                         |A2                                         
A3                                         |A3                                         
ZN                                         |ZN                                         
VDD                                        |VDD                                        
VNW                                        |VNW                                        
VPW                                        |VPW                                        
VSS                                        |VSS                                        
---------------------------------------------------------------------------------------
Cell pin lists are equivalent.
Device classes gf180mcu_fd_sc_mcu7t5v0__nand3_4 and gf180mcu_fd_sc_mcu7t5v0__nand3_4 are equivalent.

Cell gf180mcu_fd_sc_mcu7t5v0__aoi221_4 (0) disconnected node: A1
Cell gf180mcu_fd_sc_mcu7t5v0__aoi221_4 (0) disconnected node: A2
Cell gf180mcu_fd_sc_mcu7t5v0__aoi221_4 (0) disconnected node: B1
Cell gf180mcu_fd_sc_mcu7t5v0__aoi221_4 (0) disconnected node: B2
Cell gf180mcu_fd_sc_mcu7t5v0__aoi221_4 (0) disconnected node: C
Cell gf180mcu_fd_sc_mcu7t5v0__aoi221_4 (0) disconnected node: ZN
Cell gf180mcu_fd_sc_mcu7t5v0__aoi221_4 (0) disconnected node: VDD
Cell gf180mcu_fd_sc_mcu7t5v0__aoi221_4 (0) disconnected node: VNW
Cell gf180mcu_fd_sc_mcu7t5v0__aoi221_4 (0) disconnected node: VPW
Cell gf180mcu_fd_sc_mcu7t5v0__aoi221_4 (0) disconnected node: VSS
Warning: Equate pins:  cell gf180mcu_fd_sc_mcu7t5v0__aoi221_4 is a placeholder, treated as a black box.

Subcircuit pins:
Circuit 1: gf180mcu_fd_sc_mcu7t5v0__aoi221 |Circuit 2: gf180mcu_fd_sc_mcu7t5v0__aoi221 
-------------------------------------------|-------------------------------------------
A1                                         |A1                                         
A2                                         |A2                                         
B1                                         |B1                                         
B2                                         |B2                                         
C                                          |C                                          
ZN                                         |ZN                                         
VDD                                        |VDD                                        
VNW                                        |VNW                                        
VPW                                        |VPW                                        
VSS                                        |VSS                                        
---------------------------------------------------------------------------------------
Cell pin lists are equivalent.
Device classes gf180mcu_fd_sc_mcu7t5v0__aoi221_4 and gf180mcu_fd_sc_mcu7t5v0__aoi221_4 are equivalent.

Cell gf180mcu_fd_sc_mcu7t5v0__inv_1 (0) disconnected node: I
Cell gf180mcu_fd_sc_mcu7t5v0__inv_1 (0) disconnected node: ZN
Cell gf180mcu_fd_sc_mcu7t5v0__inv_1 (0) disconnected node: VDD
Cell gf180mcu_fd_sc_mcu7t5v0__inv_1 (0) disconnected node: VNW
Cell gf180mcu_fd_sc_mcu7t5v0__inv_1 (0) disconnected node: VPW
Cell gf180mcu_fd_sc_mcu7t5v0__inv_1 (0) disconnected node: VSS
Warning: Equate pins:  cell gf180mcu_fd_sc_mcu7t5v0__inv_1 is a placeholder, treated as a black box.

Subcircuit pins:
Circuit 1: gf180mcu_fd_sc_mcu7t5v0__inv_1  |Circuit 2: gf180mcu_fd_sc_mcu7t5v0__inv_1  
-------------------------------------------|-------------------------------------------
I                                          |I                                          
ZN                                         |ZN                                         
VDD                                        |VDD                                        
VNW                                        |VNW                                        
VPW                                        |VPW                                        
VSS                                        |VSS                                        
---------------------------------------------------------------------------------------
Cell pin lists are equivalent.
Device classes gf180mcu_fd_sc_mcu7t5v0__inv_1 and gf180mcu_fd_sc_mcu7t5v0__inv_1 are equivalent.

Cell gf180mcu_fd_sc_mcu7t5v0__and3_4 (0) disconnected node: A1
Cell gf180mcu_fd_sc_mcu7t5v0__and3_4 (0) disconnected node: A2
Cell gf180mcu_fd_sc_mcu7t5v0__and3_4 (0) disconnected node: A3
Cell gf180mcu_fd_sc_mcu7t5v0__and3_4 (0) disconnected node: Z
Cell gf180mcu_fd_sc_mcu7t5v0__and3_4 (0) disconnected node: VDD
Cell gf180mcu_fd_sc_mcu7t5v0__and3_4 (0) disconnected node: VNW
Cell gf180mcu_fd_sc_mcu7t5v0__and3_4 (0) disconnected node: VPW
Cell gf180mcu_fd_sc_mcu7t5v0__and3_4 (0) disconnected node: VSS
Warning: Equate pins:  cell gf180mcu_fd_sc_mcu7t5v0__and3_4 is a placeholder, treated as a black box.

Subcircuit pins:
Circuit 1: gf180mcu_fd_sc_mcu7t5v0__and3_4 |Circuit 2: gf180mcu_fd_sc_mcu7t5v0__and3_4 
-------------------------------------------|-------------------------------------------
A1                                         |A1                                         
A2                                         |A2                                         
A3                                         |A3                                         
Z                                          |Z                                          
VDD                                        |VDD                                        
VNW                                        |VNW                                        
VPW                                        |VPW                                        
VSS                                        |VSS                                        
---------------------------------------------------------------------------------------
Cell pin lists are equivalent.
Device classes gf180mcu_fd_sc_mcu7t5v0__and3_4 and gf180mcu_fd_sc_mcu7t5v0__and3_4 are equivalent.

Cell gf180mcu_fd_sc_mcu7t5v0__nor4_1 (0) disconnected node: A1
Cell gf180mcu_fd_sc_mcu7t5v0__nor4_1 (0) disconnected node: A2
Cell gf180mcu_fd_sc_mcu7t5v0__nor4_1 (0) disconnected node: A3
Cell gf180mcu_fd_sc_mcu7t5v0__nor4_1 (0) disconnected node: A4
Cell gf180mcu_fd_sc_mcu7t5v0__nor4_1 (0) disconnected node: ZN
Cell gf180mcu_fd_sc_mcu7t5v0__nor4_1 (0) disconnected node: VDD
Cell gf180mcu_fd_sc_mcu7t5v0__nor4_1 (0) disconnected node: VNW
Cell gf180mcu_fd_sc_mcu7t5v0__nor4_1 (0) disconnected node: VPW
Cell gf180mcu_fd_sc_mcu7t5v0__nor4_1 (0) disconnected node: VSS
Warning: Equate pins:  cell gf180mcu_fd_sc_mcu7t5v0__nor4_1 is a placeholder, treated as a black box.

Subcircuit pins:
Circuit 1: gf180mcu_fd_sc_mcu7t5v0__nor4_1 |Circuit 2: gf180mcu_fd_sc_mcu7t5v0__nor4_1 
-------------------------------------------|-------------------------------------------
A1                                         |A1                                         
A2                                         |A2                                         
A3                                         |A3                                         
A4                                         |A4                                         
ZN                                         |ZN                                         
VDD                                        |VDD                                        
VNW                                        |VNW                                        
VPW                                        |VPW                                        
VSS                                        |VSS                                        
---------------------------------------------------------------------------------------
Cell pin lists are equivalent.
Device classes gf180mcu_fd_sc_mcu7t5v0__nor4_1 and gf180mcu_fd_sc_mcu7t5v0__nor4_1 are equivalent.

Cell gf180mcu_fd_sc_mcu7t5v0__nand4_4 (0) disconnected node: A1
Cell gf180mcu_fd_sc_mcu7t5v0__nand4_4 (0) disconnected node: A2
Cell gf180mcu_fd_sc_mcu7t5v0__nand4_4 (0) disconnected node: A3
Cell gf180mcu_fd_sc_mcu7t5v0__nand4_4 (0) disconnected node: A4
Cell gf180mcu_fd_sc_mcu7t5v0__nand4_4 (0) disconnected node: ZN
Cell gf180mcu_fd_sc_mcu7t5v0__nand4_4 (0) disconnected node: VDD
Cell gf180mcu_fd_sc_mcu7t5v0__nand4_4 (0) disconnected node: VNW
Cell gf180mcu_fd_sc_mcu7t5v0__nand4_4 (0) disconnected node: VPW
Cell gf180mcu_fd_sc_mcu7t5v0__nand4_4 (0) disconnected node: VSS
Warning: Equate pins:  cell gf180mcu_fd_sc_mcu7t5v0__nand4_4 is a placeholder, treated as a black box.

Subcircuit pins:
Circuit 1: gf180mcu_fd_sc_mcu7t5v0__nand4_ |Circuit 2: gf180mcu_fd_sc_mcu7t5v0__nand4_ 
-------------------------------------------|-------------------------------------------
A1                                         |A1                                         
A2                                         |A2                                         
A3                                         |A3                                         
A4                                         |A4                                         
ZN                                         |ZN                                         
VDD                                        |VDD                                        
VNW                                        |VNW                                        
VPW                                        |VPW                                        
VSS                                        |VSS                                        
---------------------------------------------------------------------------------------
Cell pin lists are equivalent.
Device classes gf180mcu_fd_sc_mcu7t5v0__nand4_4 and gf180mcu_fd_sc_mcu7t5v0__nand4_4 are equivalent.

Cell gf180mcu_fd_sc_mcu7t5v0__aoi211_2 (0) disconnected node: A1
Cell gf180mcu_fd_sc_mcu7t5v0__aoi211_2 (0) disconnected node: A2
Cell gf180mcu_fd_sc_mcu7t5v0__aoi211_2 (0) disconnected node: B
Cell gf180mcu_fd_sc_mcu7t5v0__aoi211_2 (0) disconnected node: C
Cell gf180mcu_fd_sc_mcu7t5v0__aoi211_2 (0) disconnected node: ZN
Cell gf180mcu_fd_sc_mcu7t5v0__aoi211_2 (0) disconnected node: VDD
Cell gf180mcu_fd_sc_mcu7t5v0__aoi211_2 (0) disconnected node: VNW
Cell gf180mcu_fd_sc_mcu7t5v0__aoi211_2 (0) disconnected node: VPW
Cell gf180mcu_fd_sc_mcu7t5v0__aoi211_2 (0) disconnected node: VSS
Warning: Equate pins:  cell gf180mcu_fd_sc_mcu7t5v0__aoi211_2 is a placeholder, treated as a black box.

Subcircuit pins:
Circuit 1: gf180mcu_fd_sc_mcu7t5v0__aoi211 |Circuit 2: gf180mcu_fd_sc_mcu7t5v0__aoi211 
-------------------------------------------|-------------------------------------------
A1                                         |A1                                         
A2                                         |A2                                         
B                                          |B                                          
C                                          |C                                          
ZN                                         |ZN                                         
VDD                                        |VDD                                        
VNW                                        |VNW                                        
VPW                                        |VPW                                        
VSS                                        |VSS                                        
---------------------------------------------------------------------------------------
Cell pin lists are equivalent.
Device classes gf180mcu_fd_sc_mcu7t5v0__aoi211_2 and gf180mcu_fd_sc_mcu7t5v0__aoi211_2 are equivalent.

Class Markov_Chain_Accelerator (0):  Merged 11306 parallel devices.
Class Markov_Chain_Accelerator (1):  Merged 11306 parallel devices.
Subcircuit summary:
Circuit 1: Markov_Chain_Accelerator        |Circuit 2: Markov_Chain_Accelerator        
-------------------------------------------|-------------------------------------------
gf180mcu_fd_sc_mcu7t5v0__antenna (5119->47 |gf180mcu_fd_sc_mcu7t5v0__antenna (5119->47 
gf180mcu_fd_sc_mcu7t5v0__and2_1 (654)      |gf180mcu_fd_sc_mcu7t5v0__and2_1 (654)      
gf180mcu_fd_sc_mcu7t5v0__tieh (648)        |gf180mcu_fd_sc_mcu7t5v0__tieh (648)        
gf180mcu_fd_sc_mcu7t5v0__oai21_1 (409)     |gf180mcu_fd_sc_mcu7t5v0__oai21_1 (409)     
gf180mcu_fd_sc_mcu7t5v0__fillcap_32 (277-> |gf180mcu_fd_sc_mcu7t5v0__fillcap_32 (277-> 
gf180mcu_fd_sc_mcu7t5v0__or2_1 (396)       |gf180mcu_fd_sc_mcu7t5v0__or2_1 (396)       
gf180mcu_fd_sc_mcu7t5v0__tiel (744)        |gf180mcu_fd_sc_mcu7t5v0__tiel (744)        
gf180mcu_fd_sc_mcu7t5v0__fillcap_4 (3298-> |gf180mcu_fd_sc_mcu7t5v0__fillcap_4 (3298-> 
gf180mcu_fd_sc_mcu7t5v0__fillcap_16 (935-> |gf180mcu_fd_sc_mcu7t5v0__fillcap_16 (935-> 
gf180mcu_fd_sc_mcu7t5v0__xor2_1 (419)      |gf180mcu_fd_sc_mcu7t5v0__xor2_1 (419)      
gf180mcu_fd_sc_mcu7t5v0__clkinv_1 (2863)   |gf180mcu_fd_sc_mcu7t5v0__clkinv_1 (2863)   
gf180mcu_fd_sc_mcu7t5v0__dffrnq_1 (769)    |gf180mcu_fd_sc_mcu7t5v0__dffrnq_1 (769)    
gf180mcu_fd_sc_mcu7t5v0__xor3_1 (216)      |gf180mcu_fd_sc_mcu7t5v0__xor3_1 (216)      
gf180mcu_fd_sc_mcu7t5v0__dffrsnq_1 (372)   |gf180mcu_fd_sc_mcu7t5v0__dffrsnq_1 (372)   
gf180mcu_fd_sc_mcu7t5v0__oai221_1 (573)    |gf180mcu_fd_sc_mcu7t5v0__oai221_1 (573)    
gf180mcu_fd_sc_mcu7t5v0__fillcap_8 (2026-> |gf180mcu_fd_sc_mcu7t5v0__fillcap_8 (2026-> 
gf180mcu_fd_sc_mcu7t5v0__nor4_2 (65)       |gf180mcu_fd_sc_mcu7t5v0__nor4_2 (65)       
gf180mcu_fd_sc_mcu7t5v0__nor2_2 (61)       |gf180mcu_fd_sc_mcu7t5v0__nor2_2 (61)       
gf180mcu_fd_sc_mcu7t5v0__and4_1 (34)       |gf180mcu_fd_sc_mcu7t5v0__and4_1 (34)       
gf180mcu_fd_sc_mcu7t5v0__nand2_1 (1283)    |gf180mcu_fd_sc_mcu7t5v0__nand2_1 (1283)    
gf180mcu_fd_sc_mcu7t5v0__or2_4 (48)        |gf180mcu_fd_sc_mcu7t5v0__or2_4 (48)        
gf180mcu_fd_sc_mcu7t5v0__nor2_1 (736)      |gf180mcu_fd_sc_mcu7t5v0__nor2_1 (736)      
gf180mcu_fd_sc_mcu7t5v0__mux2_1 (393)      |gf180mcu_fd_sc_mcu7t5v0__mux2_1 (393)      
gf180mcu_fd_sc_mcu7t5v0__dlya_2 (2)        |gf180mcu_fd_sc_mcu7t5v0__dlya_2 (2)        
gf180mcu_fd_sc_mcu7t5v0__fillcap_64 (126-> |gf180mcu_fd_sc_mcu7t5v0__fillcap_64 (126-> 
gf180mcu_fd_sc_mcu7t5v0__nor2_4 (18)       |gf180mcu_fd_sc_mcu7t5v0__nor2_4 (18)       
gf180mcu_fd_sc_mcu7t5v0__nand3_1 (78)      |gf180mcu_fd_sc_mcu7t5v0__nand3_1 (78)      
gf180mcu_fd_sc_mcu7t5v0__aoi22_1 (67)      |gf180mcu_fd_sc_mcu7t5v0__aoi22_1 (67)      
gf180mcu_fd_sc_mcu7t5v0__or2_2 (17)        |gf180mcu_fd_sc_mcu7t5v0__or2_2 (17)        
gf180mcu_fd_sc_mcu7t5v0__aoi21_1 (402)     |gf180mcu_fd_sc_mcu7t5v0__aoi21_1 (402)     
gf180mcu_fd_sc_mcu7t5v0__nand4_2 (18)      |gf180mcu_fd_sc_mcu7t5v0__nand4_2 (18)      
gf180mcu_fd_sc_mcu7t5v0__nand2_4 (38)      |gf180mcu_fd_sc_mcu7t5v0__nand2_4 (38)      
gf180mcu_fd_sc_mcu7t5v0__nand3_2 (10)      |gf180mcu_fd_sc_mcu7t5v0__nand3_2 (10)      
gf180mcu_fd_sc_mcu7t5v0__clkinv_2 (51)     |gf180mcu_fd_sc_mcu7t5v0__clkinv_2 (51)     
gf180mcu_fd_sc_mcu7t5v0__aoi211_1 (65)     |gf180mcu_fd_sc_mcu7t5v0__aoi211_1 (65)     
gf180mcu_fd_sc_mcu7t5v0__oai31_1 (86)      |gf180mcu_fd_sc_mcu7t5v0__oai31_1 (86)      
gf180mcu_fd_sc_mcu7t5v0__clkbuf_8 (19)     |gf180mcu_fd_sc_mcu7t5v0__clkbuf_8 (19)     
gf180mcu_fd_sc_mcu7t5v0__clkbuf_16 (206)   |gf180mcu_fd_sc_mcu7t5v0__clkbuf_16 (206)   
gf180mcu_fd_sc_mcu7t5v0__and3_2 (11)       |gf180mcu_fd_sc_mcu7t5v0__and3_2 (11)       
gf180mcu_fd_sc_mcu7t5v0__clkbuf_1 (30)     |gf180mcu_fd_sc_mcu7t5v0__clkbuf_1 (30)     
gf180mcu_fd_sc_mcu7t5v0__dlyb_1 (2)        |gf180mcu_fd_sc_mcu7t5v0__dlyb_1 (2)        
gf180mcu_fd_sc_mcu7t5v0__nor3_1 (55)       |gf180mcu_fd_sc_mcu7t5v0__nor3_1 (55)       
gf180mcu_fd_sc_mcu7t5v0__oai21_2 (34)      |gf180mcu_fd_sc_mcu7t5v0__oai21_2 (34)      
gf180mcu_fd_sc_mcu7t5v0__or4_1 (16)        |gf180mcu_fd_sc_mcu7t5v0__or4_1 (16)        
gf180mcu_fd_sc_mcu7t5v0__clkinv_4 (20)     |gf180mcu_fd_sc_mcu7t5v0__clkinv_4 (20)     
gf180mcu_fd_sc_mcu7t5v0__buf_8 (23)        |gf180mcu_fd_sc_mcu7t5v0__buf_8 (23)        
gf180mcu_fd_sc_mcu7t5v0__xnor2_1 (31)      |gf180mcu_fd_sc_mcu7t5v0__xnor2_1 (31)      
gf180mcu_fd_sc_mcu7t5v0__aoi21_2 (31)      |gf180mcu_fd_sc_mcu7t5v0__aoi21_2 (31)      
gf180mcu_fd_sc_mcu7t5v0__clkinv_3 (3)      |gf180mcu_fd_sc_mcu7t5v0__clkinv_3 (3)      
gf180mcu_fd_sc_mcu7t5v0__oai22_1 (32)      |gf180mcu_fd_sc_mcu7t5v0__oai22_1 (32)      
gf180mcu_fd_sc_mcu7t5v0__nand2_2 (3)       |gf180mcu_fd_sc_mcu7t5v0__nand2_2 (3)       
gf180mcu_fd_sc_mcu7t5v0__oai221_2 (3)      |gf180mcu_fd_sc_mcu7t5v0__oai221_2 (3)      
gf180mcu_fd_sc_mcu7t5v0__clkinv_8 (16)     |gf180mcu_fd_sc_mcu7t5v0__clkinv_8 (16)     
gf180mcu_fd_sc_mcu7t5v0__buf_3 (2)         |gf180mcu_fd_sc_mcu7t5v0__buf_3 (2)         
gf180mcu_fd_sc_mcu7t5v0__and4_2 (17)       |gf180mcu_fd_sc_mcu7t5v0__and4_2 (17)       
gf180mcu_fd_sc_mcu7t5v0__buf_1 (2)         |gf180mcu_fd_sc_mcu7t5v0__buf_1 (2)         
gf180mcu_fd_sc_mcu7t5v0__xnor2_4 (49)      |gf180mcu_fd_sc_mcu7t5v0__xnor2_4 (49)      
gf180mcu_fd_sc_mcu7t5v0__and3_1 (22)       |gf180mcu_fd_sc_mcu7t5v0__and3_1 (22)       
gf180mcu_fd_sc_mcu7t5v0__dffrsnq_2 (12)    |gf180mcu_fd_sc_mcu7t5v0__dffrsnq_2 (12)    
gf180mcu_fd_sc_mcu7t5v0__clkbuf_4 (2)      |gf180mcu_fd_sc_mcu7t5v0__clkbuf_4 (2)      
gf180mcu_fd_sc_mcu7t5v0__clkbuf_3 (3)      |gf180mcu_fd_sc_mcu7t5v0__clkbuf_3 (3)      
gf180mcu_fd_sc_mcu7t5v0__dffrnq_2 (33)     |gf180mcu_fd_sc_mcu7t5v0__dffrnq_2 (33)     
gf180mcu_fd_sc_mcu7t5v0__nand4_1 (1)       |gf180mcu_fd_sc_mcu7t5v0__nand4_1 (1)       
gf180mcu_fd_sc_mcu7t5v0__xnor3_1 (8)       |gf180mcu_fd_sc_mcu7t5v0__xnor3_1 (8)       
gf180mcu_fd_sc_mcu7t5v0__xor3_2 (10)       |gf180mcu_fd_sc_mcu7t5v0__xor3_2 (10)       
gf180mcu_fd_sc_mcu7t5v0__buf_12 (13)       |gf180mcu_fd_sc_mcu7t5v0__buf_12 (13)       
gf180mcu_fd_sc_mcu7t5v0__inv_3 (13)        |gf180mcu_fd_sc_mcu7t5v0__inv_3 (13)        
gf180mcu_fd_sc_mcu7t5v0__buf_4 (13)        |gf180mcu_fd_sc_mcu7t5v0__buf_4 (13)        
gf180mcu_fd_sc_mcu7t5v0__xor3_4 (2)        |gf180mcu_fd_sc_mcu7t5v0__xor3_4 (2)        
gf180mcu_fd_sc_mcu7t5v0__clkbuf_12 (9)     |gf180mcu_fd_sc_mcu7t5v0__clkbuf_12 (9)     
gf180mcu_fd_sc_mcu7t5v0__buf_16 (1)        |gf180mcu_fd_sc_mcu7t5v0__buf_16 (1)        
gf180mcu_fd_sc_mcu7t5v0__oai32_2 (1)       |gf180mcu_fd_sc_mcu7t5v0__oai32_2 (1)       
gf180mcu_fd_sc_mcu7t5v0__xor2_2 (5)        |gf180mcu_fd_sc_mcu7t5v0__xor2_2 (5)        
gf180mcu_fd_sc_mcu7t5v0__and2_4 (5)        |gf180mcu_fd_sc_mcu7t5v0__and2_4 (5)        
gf180mcu_fd_sc_mcu7t5v0__xnor3_4 (2)       |gf180mcu_fd_sc_mcu7t5v0__xnor3_4 (2)       
gf180mcu_fd_sc_mcu7t5v0__mux2_2 (3)        |gf180mcu_fd_sc_mcu7t5v0__mux2_2 (3)        
gf180mcu_fd_sc_mcu7t5v0__buf_20 (1)        |gf180mcu_fd_sc_mcu7t5v0__buf_20 (1)        
gf180mcu_fd_sc_mcu7t5v0__xor2_4 (3)        |gf180mcu_fd_sc_mcu7t5v0__xor2_4 (3)        
gf180mcu_fd_sc_mcu7t5v0__nor4_4 (2)        |gf180mcu_fd_sc_mcu7t5v0__nor4_4 (2)        
gf180mcu_fd_sc_mcu7t5v0__and2_2 (3)        |gf180mcu_fd_sc_mcu7t5v0__and2_2 (3)        
gf180mcu_fd_sc_mcu7t5v0__dffrnq_4 (3)      |gf180mcu_fd_sc_mcu7t5v0__dffrnq_4 (3)      
gf180mcu_fd_sc_mcu7t5v0__clkbuf_2 (1)      |gf180mcu_fd_sc_mcu7t5v0__clkbuf_2 (1)      
gf180mcu_fd_sc_mcu7t5v0__buf_2 (2)         |gf180mcu_fd_sc_mcu7t5v0__buf_2 (2)         
gf180mcu_fd_sc_mcu7t5v0__oai31_2 (1)       |gf180mcu_fd_sc_mcu7t5v0__oai31_2 (1)       
gf180mcu_fd_sc_mcu7t5v0__inv_2 (2)         |gf180mcu_fd_sc_mcu7t5v0__inv_2 (2)         
gf180mcu_fd_sc_mcu7t5v0__oai211_1 (1)      |gf180mcu_fd_sc_mcu7t5v0__oai211_1 (1)      
gf180mcu_fd_sc_mcu7t5v0__nand3_4 (4)       |gf180mcu_fd_sc_mcu7t5v0__nand3_4 (4)       
gf180mcu_fd_sc_mcu7t5v0__aoi221_4 (1)      |gf180mcu_fd_sc_mcu7t5v0__aoi221_4 (1)      
gf180mcu_fd_sc_mcu7t5v0__inv_1 (2)         |gf180mcu_fd_sc_mcu7t5v0__inv_1 (2)         
gf180mcu_fd_sc_mcu7t5v0__and3_4 (3)        |gf180mcu_fd_sc_mcu7t5v0__and3_4 (3)        
gf180mcu_fd_sc_mcu7t5v0__nor4_1 (1)        |gf180mcu_fd_sc_mcu7t5v0__nor4_1 (1)        
gf180mcu_fd_sc_mcu7t5v0__nand4_4 (1)       |gf180mcu_fd_sc_mcu7t5v0__nand4_4 (1)       
gf180mcu_fd_sc_mcu7t5v0__aoi211_2 (1)      |gf180mcu_fd_sc_mcu7t5v0__aoi211_2 (1)      
Number of devices: 12805                   |Number of devices: 12805                   
Number of nets: 12341                      |Number of nets: 12341                      
---------------------------------------------------------------------------------------
Netlists match uniquely.

Subcircuit pins:
Circuit 1: Markov_Chain_Accelerator        |Circuit 2: Markov_Chain_Accelerator        
-------------------------------------------|-------------------------------------------
clk                                        |clk                                        
input_ready                                |input_ready                                
load_row_or_col                            |load_row_or_col                            
output_valid                               |output_valid                               
rst_n                                      |rst_n                                      
spi_in1                                    |spi_in1                                    
spi_in0                                    |spi_in0                                    
spi_in2                                    |spi_in2                                    
spi_in3                                    |spi_in3                                    
spi_out0                                   |spi_out0                                   
spi_out2                                   |spi_out2                                   
spi_out1                                   |spi_out1                                   
spi_out3                                   |spi_out3                                   
output_ready                               |output_ready                               
VDD                                        |VDD                                        
VSS                                        |VSS                                        
---------------------------------------------------------------------------------------
Cell pin lists are equivalent.
Device classes Markov_Chain_Accelerator and Markov_Chain_Accelerator are equivalent.

Final result: Circuits match uniquely.
.
